timestamp_ms,cpu_usage,available_workers,io_queue,cpu_queue
0,0.0000,8,0,0
10,0.0000,8,0,0
20,0.1000,7,1,0
30,0.1000,7,1,0
40,0.4500,6,0,1
50,0.4500,6,0,1
60,0.5500,5,1,0
70,0.5500,5,1,0
82,0.6500,5,1,0
92,0.6500,4,1,0
102,0.7500,3,1,0
112,0.7500,3,1,0
122,0.8500,2,1,0
133,0.8500,2,1,0
143,0.9500,2,1,0
153,0.9500,1,1,0
163,0.9500,1,1,0
173,0.9500,1,1,0
183,0.9500,1,1,1
193,0.9500,1,1,1
203,0.9500,1,1,2
214,0.9500,1,1,2
224,0.9500,1,1,3
234,0.9500,1,1,3
244,0.7000,1,1,3
254,0.7000,1,1,3
264,0.9500,1,0,4
274,0.9500,1,0,4
284,0.9500,1,1,3
294,0.9500,1,1,3
304,0.9500,1,1,3
314,0.9500,1,1,3
324,0.9500,1,1,3
334,0.9500,1,1,3
344,0.8500,2,1,3
354,0.8500,2,1,3
365,0.9500,1,2,3
375,0.9500,1,2,3
385,0.9500,1,1,4
395,0.9500,1,1,4
405,0.9500,1,2,4
415,0.9500,1,2,4
425,0.9500,1,3,4
435,0.9500,1,3,4
445,0.9500,1,3,4
455,0.9500,1,3,4
465,0.9000,0,3,4
475,0.9000,0,3,4
485,0.8000,0,1,4
495,0.8000,0,1,4
505,0.8000,0,1,5
516,0.8000,0,1,5
526,0.8000,0,1,5
536,0.8000,0,1,5
546,0.8000,0,1,5
556,0.8000,0,1,5
566,0.8000,0,1,6
576,0.8000,0,1,6
586,0.8000,0,1,6
596,0.8000,0,1,6
606,0.8000,0,2,6
616,0.8000,0,2,6
626,1.0000,0,3,6
637,1.0000,0,3,6
647,0.9000,0,0,7
657,0.9000,0,0,7
668,0.8000,0,1,7
678,0.8000,0,1,7
688,0.8000,0,1,7
698,0.8000,0,1,7
708,0.8000,0,1,7
718,0.8000,0,1,7
728,0.8000,0,1,7
738,0.8000,0,1,7
748,0.8000,0,1,7
758,0.8000,0,1,7
768,0.9000,0,2,7
778,0.9000,0,2,7
788,0.9000,0,1,7
798,0.9000,0,1,7
808,0.9000,0,2,7
819,0.9000,0,2,7
829,0.8000,0,2,8
839,0.8000,0,2,8
849,1.0000,0,3,8
859,1.0000,0,3,8
869,0.8000,0,1,8
879,0.8000,0,1,8
889,0.9000,0,2,8
899,0.9000,0,2,8
909,0.8000,0,0,9
919,0.8000,0,0,9
929,0.8000,0,1,9
939,0.8000,0,1,9
949,0.8000,0,1,9
960,0.8000,0,1,9
970,0.9000,0,2,9
980,0.9000,0,2,9
990,0.9000,0,0,10
1000,0.9000,0,0,10
1010,0.9000,0,1,10
1020,0.9000,0,1,10
1030,0.8000,0,1,11
1040,0.8000,0,1,11
1050,0.8000,0,1,12
1060,0.8000,0,1,12
1070,0.7000,1,1,12
1081,0.7000,1,1,12
1091,0.7000,1,1,12
1101,0.7000,1,1,12
1111,0.7000,1,1,12
1121,0.7000,1,1,12
1131,0.9500,1,0,13
1141,0.9500,1,0,13
1151,0.9500,1,1,12
1161,0.9500,1,1,12
1171,0.9500,1,1,13
1181,0.9500,1,1,13
1191,0.9500,1,0,14
1201,0.9500,1,0,14
1216,0.9500,1,1,14
1226,0.9500,1,1,14
1238,0.8500,2,2,14
1249,0.9500,1,3,14
1266,0.9500,1,3,14
1277,0.9500,1,2,14
1287,0.8500,2,2,14
1297,0.9500,1,2,14
1307,0.9500,1,2,14
1317,0.9500,1,2,14
1330,0.6000,2,2,14
1342,0.7000,1,1,15
1352,0.7000,1,1,15
1363,0.8000,1,1,15
1373,0.7000,1,1,15
1383,0.8000,0,1,15
1393,0.8000,0,1,15
1403,0.8000,0,1,15
1413,0.8000,0,1,15
1423,0.8000,0,2,15
1433,0.8000,0,2,15
1443,0.8000,0,3,15
1454,0.6000,2,3,15
1464,1.0000,0,4,15
1474,0.9000,0,4,15
1484,0.9000,0,0,16
1494,0.8000,0,0,16
1504,0.8000,0,1,16
1514,0.7000,1,1,16
1524,0.9000,0,2,16
1534,0.8000,0,2,16
1544,0.8000,0,1,16
1554,0.8000,0,1,16
1565,0.7000,1,2,16
1575,0.7000,1,2,16
1585,0.8000,0,2,17
1595,0.8000,0,2,17
1605,0.8000,0,1,17
1615,0.8000,0,1,17
1625,0.8000,0,2,17
1635,0.8000,0,2,17
1645,0.8000,0,3,17
1655,0.8000,0,3,17
1665,1.0000,0,4,17
1675,0.9000,0,4,17
1686,0.9000,0,1,17
1696,0.8000,0,1,17
1706,0.8000,0,2,17
1716,0.8000,0,2,17
1726,1.0000,0,3,17
1736,0.9000,0,3,17
1746,0.9000,0,1,17
1756,0.9000,0,1,17
1766,0.9000,0,2,17
1776,0.9000,0,2,17
1786,1.0000,0,3,17
1796,1.0000,0,3,17
1806,1.0000,0,1,17
1816,1.0000,0,1,17
1826,1.0000,0,2,17
1837,1.0000,0,2,17
1847,1.0000,0,3,17
1857,1.0000,0,3,17
1867,0.8000,0,4,17
1877,0.7000,1,4,17
1887,1.0000,0,5,17
1897,0.9000,0,5,17
1907,0.9000,0,2,18
1917,0.9000,0,2,18
1927,0.8000,0,3,18
1937,0.7000,1,3,18
1947,1.0000,0,4,18
1957,1.0000,0,4,18
1967,1.0000,0,2,18
1977,1.0000,0,2,18
1988,0.8000,0,3,18
1998,0.8000,0,3,18
2008,0.8000,0,4,18
2018,0.8000,0,4,18
2028,0.8000,0,5,18
2038,0.8000,0,5,18
2048,0.8000,0,6,18
2058,0.8000,0,6,18
2068,1.0000,0,7,18
2078,1.0000,0,7,18
2088,0.9000,0,4,18
2098,0.8000,0,4,18
2108,0.8000,0,5,18
2118,0.8000,0,5,18
2129,1.0000,0,6,18
2139,1.0000,0,6,18
2149,0.9000,0,4,18
2159,0.9000,0,4,18
2169,0.9000,0,5,18
2179,0.9000,0,5,18
2189,1.0000,0,5,19
2199,1.0000,0,5,19
2209,1.0000,0,3,19
2219,1.0000,0,3,19
2229,1.0000,0,4,19
2239,1.0000,0,4,19
2249,1.0000,0,5,19
2260,1.0000,0,5,19
2270,0.8000,0,6,19
2280,0.8000,0,6,19
2290,1.0000,0,6,20
2300,0.9000,0,6,20
2310,0.9000,0,4,20
2320,0.9000,0,4,20
2330,0.8000,0,5,20
2340,0.8000,0,5,20
2350,1.0000,0,6,20
2360,1.0000,0,6,20
2370,1.0000,0,3,21
2380,1.0000,0,3,21
2390,0.8000,0,4,21
2401,0.8000,0,4,21
2411,0.8000,0,5,21
2421,0.8000,0,5,21
2431,0.8000,0,6,21
2441,0.8000,0,6,21
2451,0.8000,0,7,21
2461,0.8000,0,7,21
2471,1.0000,0,8,21
2481,1.0000,0,8,21
2491,0.9000,0,4,22
2501,0.8000,0,4,22
2512,0.8000,0,5,22
2522,0.8000,0,5,22
2532,1.0000,0,6,22
2542,1.0000,0,6,22
2552,0.9000,0,4,22
2562,0.9000,0,4,22
2572,0.9000,0,4,23
2582,0.9000,0,4,23
2592,1.0000,0,5,23
2602,1.0000,0,5,23
2612,1.0000,0,2,24
2622,1.0000,0,2,24
2632,1.0000,0,3,24
2643,1.0000,0,3,24
2653,1.0000,0,4,24
2663,1.0000,0,4,24
2673,0.8000,0,5,24
2683,0.8000,0,5,24
2693,0.9000,0,6,24
2703,0.9000,0,6,24
2713,0.9000,0,3,25
2723,0.9000,0,3,25
2733,0.8000,0,4,25
2744,0.8000,0,4,25
2754,1.0000,0,5,25
2764,1.0000,0,5,25
2774,1.0000,0,2,26
2784,0.9000,0,2,26
2794,0.8000,0,2,27
2804,0.8000,0,2,27
2814,0.8000,0,3,27
2824,0.8000,0,3,27
2834,0.8000,0,4,27
2844,0.8000,0,4,27
2854,0.8000,0,5,27
2865,0.8000,0,5,27
2875,1.0000,0,6,27
2885,1.0000,0,6,27
2895,0.8000,0,3,27
2905,0.8000,0,3,27
2915,0.8000,0,4,27
2925,0.8000,0,4,27
2935,1.0000,0,5,27
2945,1.0000,0,5,27
2955,0.9000,0,3,27
2965,0.9000,0,3,27
2976,0.9000,0,3,28
2986,0.8000,0,3,28
2996,1.0000,0,4,28
3006,1.0000,0,4,28
3016,1.0000,0,2,28
3026,1.0000,0,2,28
3036,1.0000,0,3,28
3046,1.0000,0,3,28
3056,1.0000,0,4,28
3066,1.0000,0,4,28
3076,0.8000,0,5,28
3086,0.8000,0,5,28
3096,0.9000,0,5,29
3106,0.9000,0,5,29
3117,0.9000,0,2,30
3127,0.9000,0,2,30
3137,0.8000,0,2,31
3147,0.8000,0,2,31
3157,1.0000,0,3,31
3167,1.0000,0,3,31
3177,1.0000,0,1,31
3187,0.9000,0,1,31
3197,0.8000,0,2,31
3207,0.8000,0,2,31
3217,0.8000,0,2,32
3227,0.8000,0,2,32
3237,0.8000,0,3,32
3247,0.8000,0,3,32
3258,0.8000,0,4,32
3268,0.8000,0,4,32
3278,1.0000,0,5,32
3288,1.0000,0,5,32
3298,0.8000,0,1,33
3308,0.8000,0,1,33
3318,0.8000,0,2,33
3328,0.8000,0,2,33
3338,1.0000,0,3,33
3348,1.0000,0,3,33
3358,0.9000,0,0,34
3368,0.9000,0,0,34
3378,0.9000,0,1,34
3389,0.8000,0,1,34
3399,0.9000,0,2,34
3409,0.9000,0,2,34
3419,0.9000,0,1,34
3429,0.9000,0,1,34
3439,0.9000,0,2,34
3450,0.9000,0,2,34
3460,0.9000,0,3,34
3470,0.7000,1,3,34
3483,1.0000,0,4,34
3493,0.8000,0,2,34
3503,0.8000,0,2,34
3513,0.8000,0,3,34
3523,0.8000,0,3,34
3533,1.0000,0,4,34
3543,1.0000,0,4,34
3553,0.9000,0,2,34
3563,0.9000,0,2,34
3573,0.9000,0,3,34
3583,0.8000,0,3,34
3593,1.0000,0,4,34
3604,1.0000,0,4,34
3614,1.0000,0,2,34
3624,1.0000,0,2,34
3634,1.0000,0,3,34
3644,1.0000,0,3,34
3654,1.0000,0,4,34
3664,1.0000,0,4,34
3674,0.8000,0,5,34
3684,0.8000,0,5,34
3694,1.0000,0,6,34
3704,1.0000,0,6,34
3714,1.0000,0,3,34
3724,1.0000,0,3,34
3734,0.9000,0,3,35
3745,0.9000,0,3,35
3755,0.8000,0,4,35
3765,0.8000,0,4,35
3775,0.8000,0,5,35
3785,0.7000,1,5,35
3795,1.0000,0,6,35
3805,1.0000,0,6,35
3815,1.0000,0,3,35
3825,1.0000,0,3,35
3835,1.0000,0,4,35
3845,1.0000,0,4,35
3855,1.0000,0,4,36
3866,1.0000,0,4,36
3876,0.8000,0,5,36
3886,0.8000,0,5,36
3896,1.0000,0,6,36
3906,1.0000,0,6,36
3916,1.0000,0,3,36
3926,1.0000,0,3,36
3936,0.9000,0,4,36
3946,0.9000,0,4,36
3956,0.8000,0,5,36
3966,0.8000,0,5,36
3976,0.8000,0,5,37
3986,0.8000,0,5,37
3997,1.0000,0,6,37
4007,1.0000,0,6,37
4017,1.0000,0,2,38
4027,1.0000,0,2,38
4037,1.0000,0,3,38
4047,1.0000,0,3,38
4057,1.0000,0,4,38
4067,1.0000,0,4,38
4077,0.8000,0,5,38
4087,0.8000,0,5,38
4097,1.0000,0,6,38
4107,1.0000,0,6,38
4118,1.0000,0,3,38
4128,1.0000,0,3,38
4138,0.9000,0,4,38
4148,0.9000,0,4,38
4158,0.8000,0,5,38
4168,0.8000,0,5,38
4178,0.8000,0,6,38
4188,0.8000,0,6,38
4198,1.0000,0,7,38
4208,1.0000,0,7,38
4218,1.0000,0,3,39
4228,1.0000,0,3,39
4239,1.0000,0,4,39
4249,1.0000,0,4,39
4259,1.0000,0,5,39
4269,1.0000,0,5,39
4279,0.8000,0,6,39
4289,0.8000,0,6,39
4299,1.0000,0,7,39
4309,1.0000,0,7,39
4319,1.0000,0,4,39
4329,1.0000,0,4,39
4339,0.9000,0,5,39
4349,0.9000,0,5,39
4359,0.8000,0,6,39
4370,0.8000,0,6,39
4380,0.8000,0,7,39
4390,0.8000,0,7,39
4400,1.0000,0,7,40
4410,1.0000,0,7,40
4420,1.0000,0,4,40
4430,1.0000,0,4,40
4440,1.0000,0,4,41
4450,1.0000,0,4,41
4460,1.0000,0,5,41
4471,0.9000,0,5,41
4481,0.8000,0,6,41
4491,0.8000,0,6,41
4501,1.0000,0,7,41
4511,1.0000,0,7,41
4521,1.0000,0,4,41
4531,1.0000,0,4,41
4541,0.9000,0,5,41
4551,0.8000,0,5,41
4561,0.8000,0,6,41
4571,0.8000,0,6,41
4581,0.8000,0,7,41
4592,0.8000,0,7,41
4602,1.0000,0,7,42
4612,1.0000,0,7,42
4622,1.0000,0,4,42
4632,1.0000,0,4,42
4642,1.0000,0,5,42
4652,1.0000,0,5,42
4662,1.0000,0,6,42
4672,0.8000,0,6,42
4682,0.8000,0,6,43
4692,0.8000,0,6,43
4703,1.0000,0,7,43
4713,1.0000,0,7,43
4723,1.0000,0,4,43
4733,1.0000,0,4,43
4743,0.9000,0,5,43
4753,0.8000,0,5,43
4763,0.8000,0,5,44
4773,0.8000,0,5,44
4783,0.8000,0,6,44
4793,0.8000,0,6,44
4804,1.0000,0,6,45
4814,1.0000,0,6,45
4824,1.0000,0,2,46
4834,1.0000,0,2,46
4844,1.0000,0,3,46
4854,1.0000,0,3,46
4864,1.0000,0,4,46
4874,0.8000,0,4,46
4884,0.8000,0,5,46
4894,0.8000,0,5,46
4904,1.0000,0,6,46
4914,1.0000,0,6,46
4925,1.0000,0,3,46
4935,0.9000,0,3,46
4945,0.9000,0,4,46
4955,0.8000,0,4,46
4965,0.8000,0,5,46
4975,0.8000,0,5,46
4985,0.8000,0,6,46
4995,0.8000,0,6,46
5005,1.0000,0,7,46
5015,1.0000,0,7,46
5026,1.0000,0,4,46
5037,1.0000,0,4,46
5047,1.0000,0,4,47
5057,1.0000,0,4,47
5067,1.0000,0,4,48
5077,0.8000,0,4,48
5087,0.8000,0,5,48
5097,0.8000,0,5,48
5107,1.0000,0,6,48
5117,1.0000,0,6,48
5127,1.0000,0,2,49
5137,0.9000,0,2,49
5147,0.9000,0,3,49
5158,0.8000,0,3,49
5168,0.8000,0,4,49
5178,0.8000,0,4,49
5188,0.8000,0,4,50
5198,0.8000,0,4,50
5208,1.0000,0,5,50
5218,1.0000,0,5,50
5228,1.0000,0,2,50
5239,1.0000,0,2,50
5249,1.0000,0,3,50
5260,1.0000,0,3,50
5270,1.0000,0,4,50
5280,0.8000,0,4,50
5290,0.8000,0,4,51
5300,0.8000,0,4,51
5310,1.0000,0,4,52
5320,1.0000,0,4,52
5330,1.0000,0,1,52
5340,0.9000,0,1,52
5350,0.9000,0,2,52
5360,0.8000,0,2,52
5370,0.8000,0,2,53
5380,0.8000,0,2,53
5390,0.8000,0,3,53
5400,0.6000,2,3,53
5411,1.0000,0,4,53
5421,1.0000,0,1,53
5432,1.0000,0,1,53
5442,1.0000,0,2,53
5452,1.0000,0,2,53
5462,1.0000,0,3,53
5472,0.8000,0,3,53
5482,0.8000,0,4,53
5492,0.8000,0,4,53
5502,1.0000,0,5,53
5515,1.0000,0,5,53
5525,1.0000,0,1,54
5535,0.9000,0,1,54
5545,0.9000,0,2,54
5556,0.8000,0,2,54
5566,0.8000,0,3,54
5576,0.8000,0,3,54
5586,0.8000,0,4,54
5596,0.8000,0,4,54
5606,1.0000,0,5,54
5616,1.0000,0,5,54
5626,1.0000,0,2,54
5637,1.0000,0,2,54
5647,1.0000,0,3,54
5658,1.0000,0,3,54
5668,1.0000,0,3,55
5678,0.8000,0,3,55
5688,0.8000,0,4,55
5698,0.8000,0,4,55
5708,1.0000,0,5,55
5718,1.0000,0,5,55
5728,1.0000,0,2,55
5738,0.9000,0,2,55
5748,0.9000,0,3,55
5758,0.8000,0,3,55
5768,0.8000,0,3,56
5778,0.8000,0,3,56
5788,0.8000,0,4,56
5798,0.8000,0,4,56
5809,1.0000,0,5,56
5819,1.0000,0,5,56
5829,1.0000,0,2,56
5839,1.0000,0,2,56
5849,1.0000,0,2,57
5859,1.0000,0,2,57
5869,1.0000,0,3,57
5879,0.8000,0,3,57
5889,0.8000,0,4,57
5899,0.8000,0,4,57
5909,1.0000,0,5,57
5919,1.0000,0,5,57
5929,1.0000,0,2,57
5939,0.9000,0,2,57
5950,0.9000,0,3,57
5960,0.8000,0,3,57
5970,0.8000,0,4,57
5980,0.8000,0,4,57
5990,0.8000,0,4,58
6000,0.8000,0,4,58
6010,1.0000,0,5,58
6020,1.0000,0,5,58
6030,1.0000,0,2,58
6040,1.0000,0,2,58
6050,1.0000,0,3,58
6060,1.0000,0,3,58
6071,1.0000,0,4,58
6081,0.8000,0,4,58
6091,0.8000,0,5,58
6101,0.8000,0,5,58
6111,1.0000,0,6,58
6121,1.0000,0,6,58
6131,1.0000,0,3,58
6141,0.9000,0,3,58
6151,0.8000,0,4,58
6161,0.8000,0,4,58
6171,0.8000,0,5,58
6181,0.8000,0,5,58
6192,0.8000,0,6,58
6202,0.8000,0,6,58
6212,1.0000,0,6,59
6222,1.0000,0,6,59
6232,1.0000,0,2,60
6242,1.0000,0,2,60
6252,1.0000,0,2,61
6262,1.0000,0,2,61
6272,0.8000,0,3,61
6282,0.8000,0,3,61
6292,0.8000,0,3,62
6302,0.8000,0,3,62
6312,1.0000,0,4,62
6322,1.0000,0,4,62
6333,1.0000,0,1,62
6343,0.9000,0,1,62
6353,0.8000,0,2,62
6363,0.8000,0,2,62
6373,0.8000,0,3,62
6383,0.8000,0,3,62
6393,0.8000,0,4,62
6403,0.8000,0,4,62
6413,1.0000,0,5,62
6423,1.0000,0,5,62
6433,1.0000,0,2,62
6444,1.0000,0,2,62
6454,1.0000,0,3,62
6464,1.0000,0,3,62
6474,0.8000,0,4,62
6484,0.8000,0,4,62
6494,0.8000,0,5,62
6504,0.8000,0,5,62
6514,1.0000,0,6,62
6524,1.0000,0,6,62
6534,0.9000,0,3,62
6544,0.9000,0,3,62
6554,0.8000,0,4,62
6564,0.8000,0,4,62
6575,0.8000,0,5,62
6585,0.8000,0,5,62
6595,0.8000,0,6,62
6605,0.8000,0,6,62
6615,1.0000,0,7,62
6625,1.0000,0,7,62
6635,1.0000,0,4,62
6645,1.0000,0,4,62
6655,1.0000,0,5,62
6665,1.0000,0,5,62
6675,0.8000,0,5,63
6686,0.8000,0,5,63
6696,0.8000,0,6,63
6706,0.6000,2,6,63
6716,1.0000,0,7,63
6726,1.0000,0,7,63
6736,0.9000,0,4,63
6746,0.9000,0,4,63
6756,0.8000,0,5,63
6766,0.8000,0,5,63
6776,0.8000,0,6,63
6786,0.8000,0,6,63
6796,0.8000,0,7,63
6806,0.6000,2,7,63
6817,1.0000,0,8,63
6827,1.0000,0,5,63
6837,1.0000,0,5,63
6847,1.0000,0,5,64
6857,1.0000,0,5,64
6867,1.0000,0,6,64
6877,0.8000,0,6,64
6888,0.8000,0,6,64
6898,0.8000,0,7,64
6908,0.6000,2,7,64
6918,1.0000,0,8,64
6929,1.0000,0,5,64
6939,0.9000,0,5,64
6949,0.9000,0,6,64
6959,0.8000,0,6,64
6969,0.8000,0,7,64
6979,0.8000,0,7,64
6989,0.8000,0,8,64
6999,0.8000,0,8,64
7009,1.0000,0,9,64
7019,1.0000,0,9,64
7029,1.0000,0,6,64
7039,1.0000,0,6,64
7049,1.0000,0,7,64
7060,1.0000,0,7,64
7070,1.0000,0,7,65
7080,0.8000,0,7,65
7090,0.8000,0,8,65
7100,0.8000,0,8,65
7110,1.0000,0,8,66
7120,1.0000,0,8,66
7130,1.0000,0,5,66
7140,0.9000,0,5,66
7150,0.9000,0,6,66
7160,0.8000,0,6,66
7170,0.8000,0,7,66
7180,0.8000,0,7,66
7190,0.8000,0,8,66
7200,0.8000,0,8,66
7211,1.0000,0,8,67
7221,1.0000,0,8,67
7231,1.0000,0,4,68
7241,1.0000,0,4,68
7251,1.0000,0,5,68
7261,1.0000,0,5,68
7271,1.0000,0,6,68
7281,0.8000,0,6,68
7291,0.8000,0,6,69
7301,0.8000,0,6,69
7311,1.0000,0,7,69
7321,1.0000,0,7,69
7331,1.0000,0,4,69
7341,0.9000,0,4,69
7352,0.8000,0,5,69
7362,0.8000,0,5,69
7372,0.8000,0,6,69
7382,0.8000,0,6,69
7392,0.8000,0,7,69
7402,0.8000,0,7,69
7412,1.0000,0,8,69
7422,1.0000,0,8,69
7432,1.0000,0,4,70
7442,1.0000,0,4,70
7452,1.0000,0,5,70
7463,1.0000,0,5,70
7473,0.8000,0,6,70
7483,0.8000,0,6,70
7493,0.8000,0,6,71
7503,0.8000,0,6,71
7513,1.0000,0,7,71
7523,1.0000,0,7,71
7533,1.0000,0,4,71
7543,0.9000,0,4,71
7553,0.8000,0,5,71
7565,0.8000,0,5,71
7575,0.8000,0,5,72
7585,0.8000,0,5,72
7595,0.8000,0,6,72
7605,0.8000,0,6,72
7616,1.0000,0,6,73
7626,1.0000,0,6,73
7636,1.0000,0,3,73
7646,1.0000,0,3,73
7656,1.0000,0,3,74
7666,1.0000,0,3,74
7676,0.8000,0,4,74
7686,0.8000,0,4,74
7696,0.8000,0,5,74
7706,0.8000,0,5,74
7716,1.0000,0,6,74
7726,1.0000,0,6,74
7736,0.9000,0,3,74
7746,0.9000,0,3,74
7756,0.8000,0,3,75
7767,0.8000,0,3,75
7777,0.8000,0,4,75
7787,0.8000,0,4,75
7797,0.8000,0,4,76
7807,0.8000,0,4,76
7817,1.0000,0,4,77
7827,1.0000,0,4,77
7837,1.0000,0,0,78
7847,1.0000,0,0,78
7857,1.0000,0,1,78
7867,1.0000,0,1,78
7877,0.8000,0,2,78
7887,0.8000,0,2,78
7897,0.8000,0,3,78
7907,0.8000,0,3,78
7918,1.0000,0,4,78
7928,1.0000,0,4,78
7938,0.9000,0,1,78
7948,0.9000,0,1,78
7958,0.8000,0,2,78
7968,0.8000,0,2,78
7978,0.8000,0,3,78
7988,0.8000,0,3,78
7998,0.8000,0,3,79
8008,0.8000,0,3,79
8018,1.0000,0,4,79
8028,1.0000,0,4,79
8038,1.0000,0,1,79
8048,1.0000,0,1,79
8059,1.0000,0,1,80
8069,1.0000,0,1,80
8079,0.8000,0,2,80
8089,0.8000,0,2,80
8099,0.8000,0,3,80
8109,0.8000,0,3,80
8119,0.9000,0,3,81
8129,0.9000,0,3,81
8139,0.8000,0,1,81
8149,0.8000,0,1,81
8159,0.8000,0,1,82
8169,0.8000,0,1,82
8180,0.8000,0,1,82
8190,0.8000,0,1,82
8200,0.8000,0,2,82
8210,0.8000,0,2,82
8220,0.9000,0,3,82
8230,0.9000,0,3,82
8240,0.9000,0,1,82
8250,0.9000,0,1,82
8260,0.9000,0,2,82
8270,0.9000,0,2,82
8280,1.0000,0,3,82
8290,1.0000,0,3,82
8300,1.0000,0,1,82
8311,1.0000,0,1,82
8321,0.8000,0,1,83
8331,0.8000,0,1,83
8341,0.8000,0,1,84
8351,0.8000,0,1,84
8361,0.8000,0,1,84
8371,0.8000,0,1,84
8381,0.8000,0,1,84
8391,0.8000,0,1,84
8401,0.8000,0,2,84
8411,0.8000,0,2,84
8421,0.9000,0,3,84
8432,0.9000,0,3,84
8442,0.9000,0,1,84
8452,0.9000,0,1,84
8462,0.9000,0,2,84
8472,0.8000,0,2,84
8482,1.0000,0,3,84
8494,1.0000,0,3,84
8504,1.0000,0,1,84
8514,1.0000,0,1,84
8524,0.8000,0,2,84
8534,0.8000,0,2,84
8544,1.0000,0,3,84
8554,1.0000,0,3,84
8564,0.9000,0,1,84
8574,0.9000,0,1,84
8584,0.9000,0,2,84
8594,0.9000,0,2,84
8604,0.9000,0,3,84
8615,0.9000,0,3,84
8625,1.0000,0,3,85
8635,1.0000,0,3,85
8645,1.0000,0,1,85
8655,1.0000,0,1,85
8665,1.0000,0,2,85
8675,0.9000,0,2,85
8685,0.8000,0,3,85
8695,0.8000,0,3,85
8705,0.8000,0,3,86
8715,0.8000,0,3,86
8725,0.9000,0,3,87
8735,0.9000,0,3,87
8745,0.8000,0,0,88
8755,0.8000,0,0,88
8766,0.8000,0,1,88
8776,0.8000,0,1,88
8786,0.8000,0,1,88
8796,0.8000,0,1,88
8806,0.8000,0,2,88
8816,0.8000,0,2,88
8826,0.9000,0,3,88
8836,0.9000,0,3,88
8846,0.9000,0,1,88
8856,0.9000,0,1,88
8866,0.9000,0,2,88
8876,0.8000,0,2,88
8887,1.0000,0,3,88
8897,1.0000,0,3,88
8907,1.0000,0,1,88
8917,1.0000,0,1,88
8927,0.8000,0,1,89
8937,0.8000,0,1,89
8947,0.9000,0,2,89
8957,0.9000,0,2,89
8967,0.8000,0,0,90
8977,0.8000,0,0,90
8987,0.8000,0,0,91
8998,0.8000,0,0,91
9008,0.8000,0,0,92
9018,0.8000,0,0,92
9028,0.9500,1,0,93
9038,0.9500,1,0,93
9048,0.9500,1,1,92
9058,0.9500,1,1,92
9068,0.9500,1,2,92
9078,0.8500,2,2,92
9088,0.9500,1,2,93
9098,0.9500,1,2,93
9108,0.9500,1,1,93
9118,0.9500,1,1,93
9128,0.9500,1,2,93
9139,0.9500,1,2,93
9149,0.8500,2,0,94
9159,0.8500,2,0,94
9169,0.8500,2,1,94
9179,0.8500,2,1,94
9189,0.9500,1,1,94
9199,0.9500,1,1,94
9209,0.9500,1,1,94
9219,0.9500,1,1,94
9229,0.7000,1,1,95
9239,0.7000,1,1,95
9249,0.8000,0,1,95
9259,0.8000,0,1,95
9269,0.8000,0,1,95
9279,0.8000,0,1,95
9290,0.8000,0,2,95
9300,0.8000,0,2,95
9310,0.8000,0,0,96
9320,0.8000,0,0,96
9330,0.7000,1,1,96
9340,0.7000,1,1,96
9350,0.8000,0,1,96
9360,0.8000,0,1,96
9370,0.8000,0,1,96
9380,0.8000,0,1,96
9390,0.7000,1,0,97
9400,0.7000,1,0,97
9410,0.7000,1,0,98
9420,0.7000,1,0,98
9431,0.7000,1,1,98
9441,0.7000,1,1,98
9451,0.9500,1,0,99
9461,0.9500,1,0,99
9471,0.9500,1,1,98
9481,0.7500,3,1,98
9491,0.8500,2,1,99
9501,0.8500,2,1,99
9512,0.9500,1,1,99
9522,0.9500,1,0,100
9532,0.8500,2,0,100
9542,0.7500,3,0,101
9552,0.7500,3,0,101
9562,0.7500,3,1,101
9572,0.7500,3,1,101
9582,0.8500,2,1,101
9592,0.8500,2,1,101
9603,0.9500,1,1,101
9615,0.9500,1,1,101
9625,0.8500,2,1,101
9635,0.9500,1,1,101
9647,0.6000,2,1,101
9657,0.9500,1,0,102
9667,0.9500,1,0,102
9677,0.9500,1,1,101
9687,0.8500,2,1,101
9697,0.9500,1,2,101
9707,0.8500,2,2,101
9717,0.9500,1,2,101
9727,0.9500,1,2,101
9737,0.9500,1,1,102
9747,0.9500,1,1,102
9757,0.9500,1,2,102
9768,0.8500,2,2,102
9778,0.9500,1,3,102
9788,0.8500,2,3,102
9798,0.9500,1,3,102
9808,0.8500,2,3,102
9818,0.9500,1,3,102
9828,0.9500,1,3,102
9838,0.9500,1,3,102
9848,0.9500,1,3,102
9858,0.9000,0,3,102
9868,0.9000,0,3,102
9879,0.9000,0,1,102
9889,0.9000,0,1,102
9899,0.8000,0,1,103
9909,0.8000,0,1,103
9919,0.9000,0,2,103
9929,0.9000,0,2,103
9939,0.9000,0,1,103
9949,0.9000,0,1,103
9959,0.9000,0,2,103
9970,0.9000,0,2,103
9980,0.8000,0,3,103
9990,0.8000,0,3,103
10000,1.0000,0,4,103
10010,1.0000,0,4,103
10020,0.9000,0,2,103
10030,0.9000,0,2,103
10040,0.8000,0,3,103
10050,0.8000,0,3,103
10060,1.0000,0,4,103
10070,1.0000,0,4,103
10080,1.0000,0,1,103
10090,1.0000,0,1,103
10101,0.9000,0,2,103
10111,0.9000,0,2,103
10121,0.8000,0,3,103
10131,0.8000,0,3,103
10141,0.8000,0,4,103
10151,0.8000,0,4,103
10161,0.8000,0,5,103
10171,0.8000,0,5,103
10181,1.0000,0,6,103
10191,1.0000,0,6,103
10201,0.9000,0,4,103
10211,0.9000,0,4,103
10221,0.8000,0,5,103
10231,0.8000,0,5,103
10241,1.0000,0,6,103
10252,1.0000,0,6,103
10262,0.8000,0,4,103
10272,0.8000,0,4,103
10282,0.8000,0,5,103
10292,0.8000,0,5,103
10302,1.0000,0,6,103
10312,1.0000,0,6,103
10322,0.9000,0,4,103
10332,0.9000,0,4,103
10342,0.9000,0,5,103
10352,0.9000,0,5,103
10362,0.9000,0,6,103
10372,0.9000,0,6,103
10382,0.8000,0,7,103
10393,0.8000,0,7,103
10403,1.0000,0,8,103
10413,1.0000,0,8,103
10423,0.9000,0,5,104
10433,0.9000,0,5,104
10443,0.8000,0,5,105
10453,0.8000,0,5,105
10463,1.0000,0,5,106
10473,1.0000,0,5,106
10484,1.0000,0,2,106
10494,1.0000,0,2,106
10504,0.9000,0,3,106
10514,0.9000,0,3,106
10524,0.8000,0,4,106
10534,0.8000,0,4,106
10544,0.8000,0,5,106
10554,0.8000,0,5,106
10564,0.8000,0,6,106
10574,0.8000,0,6,106
10584,1.0000,0,7,106
10595,1.0000,0,7,106
10605,0.9000,0,5,106
10615,0.9000,0,5,106
10625,0.8000,0,6,106
10635,0.8000,0,6,106
10645,1.0000,0,7,106
10655,1.0000,0,7,106
10665,0.8000,0,5,106
10675,0.8000,0,5,106
10685,0.8000,0,5,107
10695,0.8000,0,5,107
10705,1.0000,0,5,108
10715,1.0000,0,5,108
10726,0.9000,0,3,108
10736,0.9000,0,3,108
10746,0.9000,0,4,108
10756,0.9000,0,4,108
10766,0.9000,0,4,109
10776,0.9000,0,4,109
10786,0.8000,0,5,109
10796,0.8000,0,5,109
10806,1.0000,0,6,109
10816,0.9000,0,6,109
10826,0.9000,0,4,109
10836,0.9000,0,4,109
10846,0.8000,0,5,109
10856,0.8000,0,5,109
10867,1.0000,0,5,110
10877,1.0000,0,5,110
10887,1.0000,0,1,111
10897,1.0000,0,1,111
10907,0.9000,0,2,111
10917,0.8000,0,2,111
10927,0.8000,0,2,112
10937,0.8000,0,2,112
10947,0.8000,0,3,112
10957,0.8000,0,3,112
10967,0.8000,0,4,112
10977,0.8000,0,4,112
10987,1.0000,0,5,112
10997,1.0000,0,5,112
11008,0.9000,0,3,112
11018,0.8000,0,3,112
11028,0.8000,0,4,112
11038,0.8000,0,4,112
11048,1.0000,0,5,112
11058,1.0000,0,5,112
11068,0.8000,0,3,112
11078,0.8000,0,3,112
11088,0.8000,0,4,112
11098,0.8000,0,4,112
11108,1.0000,0,5,112
11118,0.9000,0,5,112
11128,0.9000,0,3,112
11138,0.9000,0,3,112
11149,0.9000,0,4,112
11159,0.9000,0,4,112
11169,0.9000,0,5,112
11179,0.9000,0,5,112
11189,0.8000,0,6,112
11199,0.8000,0,6,112
11209,1.0000,0,7,112
11219,0.9000,0,7,112
11229,0.9000,0,5,112
11239,0.9000,0,5,112
11249,0.8000,0,6,112
11259,0.8000,0,6,112
11269,1.0000,0,6,113
11280,1.0000,0,6,113
11290,1.0000,0,3,113
11300,1.0000,0,3,113
11310,0.9000,0,4,113
11320,0.8000,0,4,113
11330,0.8000,0,5,113
11340,0.8000,0,5,113
11350,0.8000,0,6,113
11360,0.8000,0,6,113
11370,0.8000,0,7,113
11380,0.8000,0,7,113
11390,1.0000,0,8,113
11401,1.0000,0,8,113
11411,0.9000,0,6,113
11421,0.8000,0,6,113
11431,0.8000,0,7,113
11441,0.8000,0,7,113
11451,1.0000,0,7,114
11461,1.0000,0,7,114
11471,0.8000,0,5,114
11481,0.8000,0,5,114
11491,0.8000,0,5,115
11502,0.8000,0,5,115
11512,1.0000,0,6,115
11522,0.9000,0,6,115
11532,0.9000,0,4,115
11542,0.9000,0,4,115
11552,0.9000,0,5,115
11562,0.9000,0,5,115
11572,0.9000,0,6,115
11582,0.9000,0,6,115
11592,0.8000,0,7,115
11602,0.8000,0,7,115
11613,1.0000,0,8,115
11623,0.9000,0,8,115
11633,0.9000,0,6,115
11643,0.9000,0,6,115
11653,0.8000,0,6,116
11664,0.8000,0,6,116
11674,0.8000,0,7,116
11684,0.8000,0,7,116
11695,0.8000,0,6,116
11705,0.7000,1,6,116
11715,1.0000,0,7,116
11725,0.9000,0,7,116
11735,0.9000,0,4,117
11745,0.9000,0,4,117
11755,0.9000,0,5,117
11765,0.9000,0,5,117
11775,0.9000,0,6,117
11785,0.8000,0,6,117
11795,0.8000,0,7,117
11805,0.7000,1,7,117
11816,1.0000,0,8,117
11826,0.9000,0,8,117
11836,0.9000,0,6,117
11846,0.8000,0,6,117
11856,0.8000,0,6,118
11866,0.6000,2,6,118
11876,1.0000,0,7,118
11886,1.0000,0,7,118
11896,1.0000,0,4,118
11906,0.9000,0,4,118
11916,0.9000,0,5,118
11926,0.8000,0,5,118
11936,0.8000,0,6,118
11946,0.8000,0,6,118
11957,0.8000,0,6,119
11967,0.8000,0,6,119
11977,0.8000,0,7,119
11987,0.7000,1,7,119
11997,1.0000,0,8,119
12007,0.9000,0,8,119
12017,0.8000,0,5,120
12027,0.8000,0,6,120
12037,0.8000,0,6,120
12047,1.0000,0,7,120
12057,1.0000,0,7,120
12067,0.8000,0,4,121
12077,0.8000,0,4,121
12088,0.8000,0,4,122
12098,0.8000,0,4,122
12108,1.0000,0,5,122
12118,0.9000,0,5,122
12128,0.9000,0,3,122
12138,0.9000,0,3,122
12148,0.9000,0,4,122
12158,0.9000,0,4,122
12168,0.9000,0,5,122
12178,0.9000,0,5,122
12188,0.8000,0,6,122
12199,0.8000,0,6,122
12209,1.0000,0,7,122
12219,0.9000,0,7,122
12229,0.9000,0,5,122
12239,0.9000,0,5,122
12249,0.8000,0,6,122
12259,0.8000,0,6,122
12269,1.0000,0,7,122
12279,1.0000,0,7,122
12289,1.0000,0,4,122
12299,1.0000,0,4,122
12309,0.9000,0,5,122
12319,0.8000,0,5,122
12329,0.8000,0,6,122
12340,0.8000,0,6,122
12350,0.8000,0,7,122
12360,0.8000,0,7,122
12370,0.8000,0,8,122
12380,0.8000,0,8,122
12390,1.0000,0,8,123
12400,1.0000,0,8,123
12410,0.9000,0,6,123
12420,0.8000,0,6,123
12430,0.8000,0,7,123
12440,0.8000,0,7,123
12450,1.0000,0,8,123
12460,1.0000,0,8,123
12470,0.8000,0,6,123
12480,0.8000,0,6,123
12491,0.8000,0,7,123
12501,0.8000,0,7,123
12511,1.0000,0,8,123
12521,0.9000,0,8,123
12531,0.9000,0,6,123
12541,0.9000,0,6,123
12551,0.9000,0,7,123
12561,0.9000,0,7,123
12571,0.9000,0,8,123
12581,0.9000,0,8,123
12591,0.8000,0,8,124
12601,0.8000,0,8,124
12611,1.0000,0,8,125
12621,0.9000,0,8,125
12631,0.9000,0,6,125
12642,0.9000,0,6,125
12652,0.8000,0,7,125
12662,0.8000,0,7,125
12672,1.0000,0,8,125
12682,1.0000,0,8,125
12692,1.0000,0,5,125
12702,1.0000,0,5,125
12712,0.9000,0,5,126
12722,0.8000,0,5,126
12732,0.8000,0,6,126
12742,0.8000,0,6,126
12753,0.8000,0,7,126
12763,0.8000,0,7,126
12773,0.8000,0,8,126
12783,0.8000,0,8,126
12793,1.0000,0,9,126
12803,1.0000,0,9,126
12813,0.9000,0,7,126
12823,0.8000,0,7,126
12833,0.8000,0,8,126
12843,0.8000,0,8,126
12853,1.0000,0,9,126
12863,1.0000,0,9,126
12873,0.8000,0,7,126
12884,0.8000,0,7,126
12894,0.8000,0,8,126
12904,0.8000,0,8,126
12914,1.0000,0,9,126
12924,0.9000,0,9,126
12934,0.9000,0,7,126
12944,0.9000,0,7,126
12954,0.9000,0,8,126
12964,0.9000,0,8,126
12974,0.9000,0,9,126
12984,0.9000,0,9,126
12994,0.8000,0,10,126
13005,0.8000,0,10,126
13015,1.0000,0,11,126
13025,0.9000,0,11,126
13035,0.9000,0,8,127
13045,0.9000,0,8,127
13055,0.8000,0,9,127
13065,0.8000,0,9,127
13075,1.0000,0,9,128
13085,1.0000,0,9,128
13095,1.0000,0,5,129
13105,1.0000,0,5,129
13115,0.9000,0,5,130
13125,0.8000,0,5,130
13136,0.8000,0,6,130
13146,0.8000,0,6,130
13156,0.8000,0,7,130
13166,0.8000,0,7,130
13176,0.8000,0,8,130
13186,0.8000,0,8,130
13196,1.0000,0,9,130
13206,1.0000,0,9,130
13216,0.9000,0,7,130
13226,0.8000,0,7,130
13236,0.8000,0,8,130
13246,0.8000,0,8,130
13257,1.0000,0,8,131
13267,1.0000,0,8,131
13277,0.8000,0,6,131
13287,0.8000,0,6,131
13297,0.8000,0,7,131
13307,0.8000,0,7,131
13317,1.0000,0,7,132
13327,0.9000,0,7,132
13337,0.9000,0,5,132
13347,0.9000,0,5,132
13357,0.9000,0,6,132
13367,0.9000,0,6,132
13377,0.9000,0,7,132
13387,0.9000,0,7,132
13398,0.8000,0,8,132
13408,0.8000,0,8,132
13418,0.9000,0,9,132
13428,0.9000,0,9,132
13438,0.9000,0,6,133
13448,0.9000,0,6,133
13458,0.8000,0,7,133
13468,0.8000,0,7,133
13478,1.0000,0,8,133
13488,1.0000,0,8,133
13498,1.0000,0,5,133
13508,1.0000,0,5,133
13518,0.8000,0,6,133
13528,0.8000,0,6,133
13539,0.8000,0,7,133
13549,0.8000,0,7,133
13559,0.8000,0,8,133
13569,0.8000,0,8,133
13579,0.8000,0,9,133
13589,0.8000,0,9,133
13599,1.0000,0,10,133
13609,1.0000,0,10,133
13619,0.8000,0,8,133
13629,0.8000,0,8,133
13639,0.8000,0,9,133
13649,0.8000,0,9,133
13659,1.0000,0,10,133
13669,1.0000,0,10,133
13680,0.8000,0,7,134
13690,0.8000,0,7,134
13700,0.8000,0,8,134
13710,0.8000,0,8,134
13720,0.9000,0,9,134
13732,0.9000,0,9,134
13742,0.9000,0,7,134
13752,0.9000,0,7,134
13763,0.9000,0,8,134
13773,0.9000,0,8,134
13783,0.9000,0,9,134
13793,0.9000,0,9,134
13803,0.8000,0,9,135
13813,0.8000,0,9,135
13823,0.9000,0,10,135
13833,0.9000,0,10,135
13843,0.9000,0,8,135
13853,0.9000,0,8,135
13864,0.8000,0,8,136
13874,0.6000,2,8,136
13884,1.0000,0,9,136
13894,1.0000,0,9,136
13904,1.0000,0,6,136
13914,1.0000,0,6,136
13924,0.8000,0,7,136
13934,0.8000,0,7,136
13944,0.8000,0,8,136
13954,0.8000,0,8,136
13964,0.8000,0,9,136
13974,0.8000,0,9,136
13984,0.8000,0,10,136
13995,0.7000,1,10,136
14005,1.0000,0,11,136
14015,0.9000,0,11,136
14025,0.8000,0,9,136
14035,0.8000,0,9,136
14045,0.8000,0,10,136
14055,0.7000,1,10,136
14065,1.0000,0,11,136
14075,0.8000,0,11,136
14085,0.8000,0,9,136
14095,0.8000,0,9,136
14105,0.8000,0,10,136
14115,0.7000,1,10,136
14126,0.9000,0,11,136
14136,0.9000,0,9,136
14146,0.9000,0,9,136
14156,0.9000,0,9,137
14166,0.9000,0,9,137
14176,0.9000,0,10,137
14186,0.9000,0,10,137
14196,0.8000,0,11,137
14206,0.8000,0,11,137
14216,1.0000,0,11,138
14226,0.9000,0,11,138
14236,0.9000,0,9,138
14246,0.9000,0,9,138
14257,0.8000,0,10,138
14267,0.8000,0,10,138
14277,1.0000,0,11,138
14287,1.0000,0,11,138
14297,1.0000,0,8,138
14307,1.0000,0,8,138
14317,0.9000,0,9,138
14327,0.8000,0,9,138
14337,0.8000,0,10,138
14347,0.8000,0,10,138
14357,0.8000,0,11,138
14367,0.8000,0,11,138
14377,0.8000,0,12,138
14388,0.8000,0,12,138
14398,1.0000,0,13,138
14408,1.0000,0,13,138
14418,0.8000,0,11,138
14428,0.8000,0,11,138
14438,0.8000,0,12,138
14448,0.8000,0,12,138
14458,1.0000,0,13,138
14468,1.0000,0,13,138
14478,0.8000,0,11,138
14488,0.8000,0,11,138
14498,0.8000,0,12,138
14509,0.8000,0,12,138
14519,1.0000,0,13,138
14529,0.9000,0,13,138
14539,0.9000,0,11,138
14549,0.9000,0,11,138
14559,0.9000,0,11,139
14569,0.9000,0,11,139
14579,0.9000,0,12,139
14589,0.9000,0,12,139
14599,0.8000,0,13,139
14609,0.8000,0,13,139
14619,1.0000,0,14,139
14629,1.0000,0,14,139
14639,1.0000,0,11,139
14649,1.0000,0,11,139
14660,0.9000,0,12,139
14670,0.9000,0,12,139
14680,1.0000,0,13,139
14690,1.0000,0,13,139
14700,1.0000,0,10,140
14710,1.0000,0,10,140
14720,0.8000,0,11,140
14730,0.8000,0,11,140
14740,0.8000,0,12,140
14750,0.8000,0,12,140
14760,0.8000,0,13,140
14771,0.8000,0,13,140
14781,0.8000,0,14,140
14791,0.8000,0,14,140
14801,1.0000,0,15,140
14811,1.0000,0,15,140
14821,0.8000,0,13,140
14831,0.8000,0,13,140
14841,0.8000,0,13,141
14851,0.8000,0,13,141
14861,1.0000,0,14,141
14871,1.0000,0,14,141
14881,0.8000,0,12,141
14892,0.8000,0,12,141
14902,0.8000,0,13,141
14912,0.8000,0,13,141
14922,0.9000,0,14,141
14932,0.9000,0,14,141
14942,0.9000,0,12,141
14952,0.9000,0,12,141
14964,0.9000,0,13,141
14974,0.9000,0,13,141
14984,0.9000,0,13,142
14994,0.9000,0,13,142
15004,0.8000,0,14,142
15014,0.8000,0,14,142
15024,1.0000,0,15,142
15034,1.0000,0,15,142
15044,1.0000,0,12,142
15054,1.0000,0,12,142
15064,0.9000,0,12,143
15075,0.9000,0,12,143
15085,1.0000,0,13,143
15095,1.0000,0,13,143
15105,1.0000,0,11,143
15116,1.0000,0,11,143
15126,0.8000,0,12,143
15136,0.8000,0,12,143
15146,0.8000,0,13,143
15157,0.8000,0,13,143
15167,0.8000,0,14,143
15177,0.8000,0,14,143
15187,0.8000,0,15,143
15197,0.8000,0,15,143
15207,1.0000,0,16,143
15217,1.0000,0,16,143
15227,0.8000,0,14,143
15237,0.8000,0,14,143
15247,0.8000,0,15,143
15257,0.8000,0,15,143
15267,1.0000,0,16,143
15277,0.9000,0,16,143
15287,0.8000,0,14,143
15298,0.8000,0,14,143
15308,0.8000,0,15,143
15318,0.8000,0,15,143
15328,1.0000,0,16,143
15338,1.0000,0,16,143
15348,1.0000,0,12,144
15358,1.0000,0,12,144
15368,1.0000,0,12,145
15378,1.0000,0,12,145
15388,1.0000,0,13,145
15398,1.0000,0,13,145
15408,0.9000,0,14,145
15418,0.9000,0,14,145
15428,1.0000,0,15,145
15439,1.0000,0,15,145
15449,1.0000,0,13,145
15459,1.0000,0,13,145
15469,0.9000,0,14,145
15479,0.8000,0,14,145
15489,1.0000,0,14,146
15499,1.0000,0,14,146
15509,1.0000,0,11,147
15519,1.0000,0,11,147
15529,0.8000,0,12,147
15539,0.8000,0,12,147
15549,0.8000,0,13,147
15559,0.8000,0,13,147
15569,0.8000,0,13,148
15580,0.8000,0,13,148
15590,0.8000,0,13,149
15600,0.8000,0,13,149
15610,1.0000,0,14,149
15620,1.0000,0,14,149
15630,0.8000,0,11,150
15640,0.8000,0,11,150
15650,0.8000,0,11,151
15660,0.8000,0,11,151
15670,1.0000,0,11,152
15680,0.9000,0,11,152
15690,0.8000,0,9,152
15700,0.8000,0,9,152
15710,0.8000,0,10,152
15721,0.8000,0,10,152
15731,1.0000,0,11,152
15741,1.0000,0,11,152
15751,1.0000,0,8,152
15762,1.0000,0,8,152
15774,1.0000,0,9,152
15784,1.0000,0,9,152
15795,1.0000,0,10,152
15805,0.9000,0,10,152
15815,0.9000,0,11,152
15825,0.7000,1,11,152
15835,1.0000,0,12,152
15845,1.0000,0,12,152
15855,1.0000,0,9,153
15865,0.9000,0,9,153
15875,0.9000,0,10,153
15885,0.7000,1,10,153
15895,1.0000,0,11,153
15905,1.0000,0,11,153
15916,1.0000,0,9,153
15926,0.8000,0,9,153
15936,0.8000,0,9,154
15946,0.8000,0,9,154
15956,0.8000,0,10,154
15966,0.8000,0,10,154
15976,0.8000,0,10,155
15986,0.8000,0,10,155
15996,0.8000,0,10,156
16006,1.0000,0,11,156
16016,1.0000,0,11,156
16026,0.8000,0,9,156
16036,0.8000,0,9,156
16047,0.8000,0,9,157
16057,0.8000,0,9,157
16067,1.0000,0,9,158
16077,1.0000,0,9,158
16087,0.8000,0,7,158
16097,0.8000,0,7,158
16107,0.8000,0,8,158
16117,0.8000,0,8,158
16127,1.0000,0,8,159
16137,1.0000,0,8,159
16147,1.0000,0,4,160
16157,1.0000,0,4,160
16168,1.0000,0,5,160
16178,1.0000,0,5,160
16188,1.0000,0,6,160
16198,1.0000,0,6,160
16208,0.9000,0,7,160
16218,0.9000,0,7,160
16228,1.0000,0,7,161
16238,1.0000,0,7,161
16248,1.0000,0,5,161
16258,1.0000,0,5,161
16268,0.9000,0,6,161
16278,0.8000,0,6,161
16288,1.0000,0,7,161
16298,1.0000,0,7,161
16308,1.0000,0,5,161
16318,1.0000,0,5,161
16329,0.8000,0,6,161
16339,0.8000,0,6,161
16349,0.8000,0,6,162
16359,0.8000,0,6,162
16369,0.8000,0,7,162
16379,0.8000,0,7,162
16389,0.8000,0,7,163
16399,0.8000,0,7,163
16409,0.9000,0,8,163
16419,0.9000,0,8,163
16429,1.0000,0,7,163
16439,1.0000,0,7,163
16449,1.0000,0,5,163
16459,1.0000,0,5,163
16469,0.9000,0,6,163
16480,0.8000,0,6,163
16490,1.0000,0,7,163
16500,1.0000,0,7,163
16510,1.0000,0,5,163
16520,1.0000,0,5,163
16530,0.8000,0,6,163
16540,0.8000,0,6,163
16550,0.8000,0,7,163
16560,0.8000,0,7,163
16570,0.8000,0,7,164
16580,0.8000,0,7,164
16590,0.8000,0,7,165
16600,0.8000,0,7,165
16610,1.0000,0,7,166
16621,0.9000,0,7,166
16631,0.8000,0,5,166
16641,0.8000,0,5,166
16651,0.8000,0,6,166
16661,0.8000,0,6,166
16671,1.0000,0,7,166
16681,0.9000,0,7,166
16691,0.8000,0,4,167
16701,0.8000,0,4,167
16711,0.8000,0,4,168
16722,0.8000,0,4,168
16732,1.0000,0,5,168
16742,1.0000,0,5,168
16752,1.0000,0,2,168
16762,1.0000,0,2,168
16772,1.0000,0,3,168
16782,1.0000,0,3,168
16792,1.0000,0,4,168
16802,1.0000,0,4,168
16812,0.9000,0,5,168
16823,0.8000,0,5,168
16833,1.0000,0,6,168
16843,1.0000,0,6,168
16853,1.0000,0,4,168
16863,1.0000,0,4,168
16873,0.9000,0,4,169
16883,0.8000,0,4,169
16893,1.0000,0,5,169
16903,1.0000,0,5,169
16913,1.0000,0,2,170
16923,1.0000,0,2,170
16933,0.8000,0,3,170
16944,0.8000,0,3,170
16954,0.8000,0,4,170
16964,0.8000,0,4,170
16974,0.8000,0,5,170
16984,0.8000,0,5,170
16994,0.8000,0,5,171
17004,0.8000,0,5,171
17014,1.0000,0,6,171
17024,0.9000,0,6,171
17035,0.8000,0,4,171
17045,0.8000,0,4,171
17055,0.8000,0,4,172
17065,0.8000,0,4,172
17075,1.0000,0,5,172
17085,0.9000,0,5,172
17096,0.8000,0,3,172
17106,0.8000,0,3,172
17116,0.8000,0,3,173
17126,0.8000,0,3,173
17136,1.0000,0,4,173
17146,1.0000,0,4,173
17156,1.0000,0,0,174
17166,1.0000,0,0,174
17176,1.0000,0,0,175
17186,1.0000,0,0,175
17196,1.0000,0,1,175
17206,1.0000,0,1,175
17216,0.9000,0,2,175
17227,0.8000,0,2,175
17237,1.0000,0,3,175
17247,1.0000,0,3,175
17257,1.0000,0,1,175
17267,1.0000,0,1,175
17277,0.9000,0,2,175
17287,0.8000,0,2,175
17297,1.0000,0,3,175
17307,1.0000,0,3,175
17317,1.0000,0,1,175
17327,1.0000,0,1,175
17337,0.8000,0,1,176
17347,0.8000,0,1,176
17357,0.8000,0,2,176
17367,0.8000,0,2,176
17378,0.8000,0,2,177
17388,0.8000,0,2,177
17398,0.8000,0,3,177
17408,0.8000,0,3,177
17418,1.0000,0,4,177
17428,0.9000,0,4,177
17438,0.8000,0,1,178
17448,0.8000,0,1,178
17458,0.8000,0,2,178
17468,0.8000,0,2,178
17478,0.9000,0,3,178
17488,0.9000,0,3,178
17498,0.8000,0,0,179
17509,0.8000,0,0,179
17519,0.8000,0,1,179
17529,0.8000,0,1,179
17539,0.8000,0,2,179
17549,0.8000,0,2,179
17559,0.8000,0,1,179
17569,0.8000,0,1,179
17579,0.8000,0,2,179
17589,0.8000,0,2,179
17599,0.8000,0,3,179
17609,0.8000,0,3,179
17619,1.0000,0,4,179
17630,0.9000,0,4,179
17640,0.8000,0,2,179
17650,0.8000,0,2,179
17660,0.8000,0,3,179
17670,0.8000,0,3,179
17680,0.9000,0,4,179
17690,0.9000,0,4,179
17700,0.8000,0,2,179
17710,0.8000,0,2,179
17720,0.8000,0,3,179
17731,0.8000,0,3,179
17741,1.0000,0,4,179
17751,1.0000,0,4,179
17761,1.0000,0,1,179
17771,1.0000,0,1,179
17781,1.0000,0,2,179
17791,1.0000,0,2,179
17801,1.0000,0,3,179
17812,1.0000,0,3,179
17822,0.8000,0,4,179
17832,0.7000,1,4,179
17844,1.0000,0,5,179
17854,1.0000,0,5,179
17864,1.0000,0,2,180
17874,0.9000,0,2,180
17884,0.8000,0,3,180
17894,0.7000,1,3,180
17904,1.0000,0,4,180
17914,1.0000,0,4,180
17924,1.0000,0,2,180
17934,0.8000,0,2,180
17944,0.8000,0,3,180
17954,0.8000,0,3,180
17965,0.8000,0,4,180
17975,0.8000,0,4,180
17985,0.8000,0,4,181
17995,0.8000,0,4,181
18005,0.8000,0,5,181
18015,1.0000,0,6,181
18025,0.9000,0,6,181
18035,0.8000,0,4,181
18045,0.8000,0,4,181
18055,0.8000,0,5,181
18065,0.8000,0,5,181
18075,1.0000,0,6,181
18085,0.9000,0,6,181
18095,0.8000,0,3,182
18105,0.8000,0,3,182
18116,0.8000,0,4,182
18126,0.8000,0,4,182
18136,1.0000,0,5,182
18146,1.0000,0,5,182
18156,1.0000,0,2,182
18166,1.0000,0,2,182
18176,1.0000,0,3,182
18186,1.0000,0,3,182
18196,1.0000,0,4,182
18206,1.0000,0,4,182
18216,0.9000,0,5,182
18226,0.8000,0,5,182
18236,1.0000,0,6,182
18247,1.0000,0,6,182
18257,1.0000,0,4,182
18267,1.0000,0,4,182
18277,0.9000,0,5,182
18287,0.8000,0,5,182
18297,1.0000,0,6,182
18307,1.0000,0,6,182
18317,1.0000,0,4,182
18327,1.0000,0,4,182
18337,0.8000,0,5,182
18347,0.8000,0,5,182
18357,0.8000,0,6,182
18367,0.8000,0,6,182
18377,0.8000,0,7,182
18388,0.8000,0,7,182
18398,0.8000,0,8,182
18408,0.8000,0,8,182
18418,1.0000,0,9,182
18428,0.9000,0,9,182
18438,0.8000,0,7,182
18448,0.8000,0,7,182
18458,0.8000,0,7,183
18468,0.8000,0,7,183
18478,0.9000,0,8,183
18488,0.9000,0,8,183
18498,0.8000,0,6,183
18509,0.8000,0,6,183
18519,0.8000,0,7,183
18529,0.8000,0,7,183
18539,1.0000,0,8,183
18549,1.0000,0,8,183
18559,1.0000,0,5,183
18569,1.0000,0,5,183
18579,1.0000,0,6,183
18589,1.0000,0,6,183
18599,1.0000,0,6,184
18609,1.0000,0,6,184
18620,0.9000,0,6,185
18630,0.8000,0,6,185
18640,1.0000,0,7,185
18650,1.0000,0,7,185
18660,1.0000,0,5,185
18670,1.0000,0,5,185
18680,0.8000,0,6,185
18690,0.8000,0,6,185
18700,1.0000,0,7,185
18710,1.0000,0,7,185
18720,1.0000,0,5,185
18730,1.0000,0,5,185
18740,0.8000,0,6,185
18750,0.8000,0,6,185
18760,0.8000,0,7,185
18771,0.8000,0,7,185
18781,0.8000,0,8,185
18791,0.8000,0,8,185
18801,0.8000,0,9,185
18811,0.8000,0,9,185
18821,1.0000,0,10,185
18831,0.9000,0,10,185
18841,0.8000,0,8,185
18851,0.8000,0,8,185
18861,0.8000,0,9,185
18871,0.8000,0,9,185
18881,1.0000,0,10,185
18892,1.0000,0,10,185
18902,0.9000,0,6,186
18912,0.9000,0,6,186
18922,0.9000,0,7,186
18932,0.9000,0,7,186
18942,1.0000,0,8,186
18952,1.0000,0,8,186
18962,1.0000,0,6,186
18972,1.0000,0,6,186
18982,1.0000,0,7,186
18992,1.0000,0,7,186
19002,1.0000,0,8,186
19012,1.0000,0,8,186
19023,0.8000,0,9,186
19033,0.8000,0,9,186
19043,1.0000,0,10,186
19053,1.0000,0,10,186
19063,1.0000,0,8,186
19073,1.0000,0,8,186
19083,0.8000,0,9,186
19093,0.8000,0,9,186
19103,1.0000,0,10,186
19113,1.0000,0,10,186
19123,1.0000,0,8,186
19133,1.0000,0,8,186
19143,0.8000,0,9,186
19154,0.8000,0,9,186
19164,0.8000,0,9,187
19174,0.8000,0,9,187
19184,0.8000,0,10,187
19194,0.8000,0,10,187
19204,0.8000,0,10,188
19214,0.8000,0,10,188
19224,0.9000,0,11,188
19234,0.9000,0,11,188
19244,0.8000,0,9,188
19254,0.8000,0,9,188
19265,0.8000,0,9,189
19275,0.8000,0,9,189
19285,1.0000,0,10,189
19295,1.0000,0,10,189
19305,0.9000,0,7,189
19315,0.9000,0,7,189
19325,0.9000,0,8,189
19335,0.9000,0,8,189
19345,1.0000,0,9,189
19355,1.0000,0,9,189
19365,1.0000,0,7,189
19375,1.0000,0,7,189
19385,1.0000,0,7,190
19395,1.0000,0,7,190
19406,1.0000,0,8,190
19416,1.0000,0,8,190
19426,0.8000,0,9,190
19436,0.8000,0,9,190
19446,1.0000,0,10,190
19456,1.0000,0,10,190
19466,1.0000,0,8,190
19476,1.0000,0,8,190
19486,0.8000,0,9,190
19496,0.8000,0,9,190
19506,1.0000,0,10,190
19516,1.0000,0,10,190
19526,1.0000,0,8,190
19537,1.0000,0,8,190
19547,0.8000,0,9,190
19557,0.8000,0,9,190
19567,0.8000,0,10,190
19577,0.8000,0,10,190
19587,0.8000,0,11,190
19597,0.8000,0,11,190
19607,0.8000,0,11,191
19617,0.8000,0,11,191
19627,0.9000,0,12,191
19637,0.9000,0,12,191
19647,0.8000,0,10,191
19658,0.8000,0,10,191
19668,0.8000,0,11,191
19678,0.8000,0,11,191
19688,1.0000,0,12,191
19698,1.0000,0,12,191
19708,0.9000,0,9,191
19718,0.9000,0,9,191
19728,0.9000,0,10,191
19738,0.8000,0,10,191
19748,1.0000,0,11,191
19758,1.0000,0,11,191
19769,1.0000,0,9,191
19779,1.0000,0,9,191
19789,1.0000,0,10,191
19799,1.0000,0,10,191
19809,1.0000,0,11,191
19819,1.0000,0,11,191
19829,0.8000,0,12,191
19839,0.8000,0,12,191
19849,1.0000,0,13,191
19859,1.0000,0,13,191
19870,1.0000,0,11,191
19881,1.0000,0,11,191
19891,0.8000,0,11,192
19902,0.7000,1,11,192
19912,1.0000,0,11,193
19922,1.0000,0,11,193
19932,1.0000,0,9,193
19942,0.9000,0,9,193
19952,0.8000,0,10,193
19962,0.8000,0,10,193
19972,0.8000,0,11,193
19983,0.8000,0,11,193
19993,0.8000,0,12,193
20003,0.8000,0,12,193
20013,0.8000,0,13,193
20023,0.6000,2,13,193
20033,1.0000,0,14,193
20043,0.9000,0,14,193
20053,0.9000,0,11,193
20063,0.9000,0,11,193
20073,0.9000,0,12,193
20083,0.7000,1,12,193
20093,1.0000,0,13,193
20103,0.9000,0,13,193
20113,0.9000,0,10,194
20123,0.9000,0,10,194
20134,0.9000,0,11,194
20144,1.0000,0,11,194
20154,1.0000,0,11,194
20164,1.0000,0,11,194
20174,1.0000,0,11,194
20184,1.0000,0,11,194
20194,1.0000,0,11,194
20204,1.0000,0,11,194
20214,1.0000,0,11,194
20224,0.8000,0,11,194
20234,0.8000,0,11,194
20244,1.0000,0,11,194
20254,1.0000,0,11,194
20264,1.0000,0,11,194
20274,1.0000,0,11,194
20285,0.8000,0,11,194
20295,0.8000,0,11,194
20305,1.0000,0,11,194
20315,1.0000,0,11,194
20325,1.0000,0,11,194
20335,1.0000,0,11,194
20345,0.8000,0,11,194
20355,0.8000,0,11,194
20365,0.8000,0,11,194
20375,0.8000,0,11,194
20385,0.8000,0,11,194
20395,0.8000,0,11,194
20405,0.8000,0,11,194
20415,0.8000,0,11,194
20425,0.8000,0,11,194
20435,0.8000,0,11,194
20446,0.7000,1,11,194
20456,0.7000,1,11,194
20466,0.7000,1,11,194
20476,0.7000,1,11,194
20486,0.8500,2,11,194
20496,0.8500,2,11,194
20506,0.7500,3,11,194
20516,0.7500,3,11,194
20526,0.7500,3,11,194
20536,0.7500,3,11,194
20546,0.9000,4,11,194
20556,0.9000,4,11,194
20566,0.9000,4,11,194
20576,0.9000,4,11,194
20586,0.9000,4,11,194
20596,0.9000,4,11,194
20607,0.9000,4,11,194
20617,0.9000,4,11,194
20627,0.7000,6,11,194
20637,0.7000,6,11,194
20647,0.7000,6,11,194
20657,0.7000,6,11,194
20667,0.7000,6,11,194
20677,0.7000,6,11,194
20687,0.7000,6,11,194
20697,0.7000,6,11,194
20707,0.7000,6,11,194
20717,0.7000,6,11,194
20727,0.7000,6,11,194
20737,0.7000,6,11,194
20747,0.7000,6,11,194
20757,0.7000,6,11,194
20767,0.7000,6,11,194
20778,0.7000,6,11,194
20788,0.7000,6,11,194
20798,0.7000,6,11,194
20808,0.7000,6,11,194
20818,0.7000,6,11,194
20828,0.7000,6,11,194
20838,0.7000,6,11,194
20848,0.7000,6,11,194
20858,0.7000,6,11,194
20868,0.7000,6,11,194
20878,0.7000,6,11,194
20888,0.7000,6,11,194
20898,0.7000,6,11,194
20908,0.7000,6,11,194
20918,0.7000,6,11,194
20928,0.7000,6,11,194
20938,0.7000,6,11,194
20949,0.7000,6,11,194
20959,0.7000,6,11,194
20969,0.7000,6,11,194
20979,0.7000,6,11,194
20989,0.7000,6,11,194
20999,0.7000,6,11,194
21009,0.7000,6,11,194
21019,0.7000,6,11,194
21029,0.7000,6,11,194
21039,0.7000,6,11,194
21049,0.7000,6,11,194
21059,0.7000,6,11,194
21069,0.7000,6,11,194
21079,0.7000,6,11,194
21089,0.7000,6,11,194
21099,0.7000,6,11,194
21109,0.7000,6,11,194
21120,0.7000,6,11,194
21130,0.7000,6,11,194
21140,0.7000,6,11,194
21150,0.7000,6,11,194
21160,0.7000,6,11,194
21170,0.7000,6,11,194
21180,0.7000,6,11,194
21190,0.7000,6,11,194
21201,0.7000,6,11,194
21211,0.7000,6,11,194
21224,0.7000,6,11,194
21234,0.7000,6,11,194
21244,0.7000,6,11,194
21254,0.7000,6,11,194
21264,0.7000,6,11,194
21274,0.7000,6,11,194
21285,0.7000,6,11,194
21295,0.7000,6,11,194
21306,0.7000,6,11,194
21316,0.7000,6,11,194
21326,0.7000,6,11,194
21336,0.7000,6,11,194
21348,0.7000,6,11,194
21358,0.7000,6,11,194
21369,0.7000,6,11,194
21380,0.7000,6,11,194
21393,0.7000,6,11,194
21404,0.7000,6,11,194
21414,0.7000,6,11,194
21424,0.7000,6,11,194
21434,0.7000,6,11,194
21444,0.7000,6,11,194
21454,0.7000,6,11,194
21464,0.7000,6,11,194
21474,0.7000,6,11,194
21484,0.7000,6,11,194
21494,0.7000,6,11,194
21504,0.7000,6,11,194
21514,0.7000,6,11,194
21524,0.7000,6,11,194
21534,0.7000,6,11,194
21545,0.7000,6,11,194
21555,0.7000,6,11,194
21565,0.7000,6,11,194
21575,0.7000,6,11,194
21585,0.7000,6,11,194
21595,0.7000,6,11,194
21606,0.7000,6,11,194
21616,0.7000,6,11,194
21626,0.7000,6,11,194
21637,0.7000,6,11,194
21647,0.7000,6,11,194
21659,0.7000,6,11,194
21669,0.7000,6,11,194
21679,0.7000,6,11,194
21689,0.7000,6,11,194
21699,0.7000,6,11,194
21709,0.7000,6,11,194
21719,0.7000,6,11,194
21729,0.7000,6,11,194
21739,0.7000,6,11,194
21749,0.7000,6,11,194
21759,0.7000,6,11,194
21769,0.7000,6,11,194
21779,0.7000,6,11,194
21790,0.7000,6,11,194
21800,0.7000,6,11,194
21810,0.7000,6,11,194
21820,0.7000,6,11,194
21830,0.7000,6,11,194
21840,0.7000,6,11,194
21850,0.7000,6,11,194
21860,0.7000,6,11,194
21870,0.7000,6,11,194
21880,0.7000,6,11,194
21890,0.7000,6,11,194
21900,0.7000,6,11,194
21910,0.7000,6,11,194
21921,0.7000,6,11,194
21931,0.7000,6,11,194
21945,0.7000,7,11,194
21955,0.7000,6,11,194
21965,0.7000,6,11,194
21975,0.7000,6,11,194
21985,0.7000,6,11,194
21995,0.7000,6,11,194
22005,0.7000,6,11,194
22016,0.7000,6,11,194
22026,0.7000,6,11,194
22036,0.7000,6,11,194
22046,0.7000,6,11,194
22056,0.7000,6,11,194
22066,0.7000,6,11,194
22076,0.7000,6,11,194
22086,0.7000,6,11,194
22096,0.7000,6,11,194
22106,0.7000,6,11,194
22116,0.7000,6,11,194
22126,0.7000,6,11,194
22136,0.7000,6,11,194
22146,0.7000,6,11,194
22156,0.7000,6,11,194
22166,0.7000,6,11,194
22176,0.7000,6,11,194
22187,0.7000,6,11,194
22197,0.7000,6,11,194
22207,0.7000,6,11,194
22217,0.7000,6,11,194
22227,0.7000,6,11,194
22237,0.7000,6,11,194
22247,0.7000,6,11,194
22257,0.7000,6,11,194
22267,0.7000,6,11,194
22277,0.7000,6,11,194
22287,0.7000,6,11,194
22297,0.7000,6,11,194
22307,0.7000,6,11,194
22317,0.7000,6,11,194
22327,0.7000,6,11,194
22337,0.7000,6,11,194
22347,0.7000,6,11,194
22358,0.7000,6,11,194
22368,0.7000,6,11,194
22380,0.7000,6,11,194
22391,0.7000,6,11,194
22401,0.7000,6,11,194
22413,0.7000,6,11,194
22423,0.7000,6,11,194
22433,0.7000,6,11,194
22444,0.7000,6,11,194
22454,0.7000,6,11,194
22464,0.7000,6,11,194
22474,0.7000,6,11,194
22484,0.7000,6,11,194
22494,0.7000,6,11,194
22505,0.7000,6,11,194
22515,0.7000,6,11,194
22527,0.7000,6,11,194
22537,0.7000,6,11,194
22547,0.7000,6,11,194
22557,0.7000,6,11,194
22567,0.7000,6,11,194
22577,0.7000,6,11,194
22587,0.7000,6,11,194
22597,0.7000,6,11,194
22608,0.7000,6,11,194
22618,0.7000,6,11,194
22628,0.7000,6,11,194
22638,0.7000,6,11,194
22648,0.7000,6,11,194
22658,0.7000,6,11,194
22668,0.7000,6,11,194
22678,0.7000,6,11,194
22688,0.7000,6,11,194
22698,0.7000,6,11,194
22708,0.7000,6,11,194
22718,0.7000,6,11,194
22728,0.7000,6,11,194
22738,0.7000,6,11,194
22748,0.7000,6,11,194
22758,0.7000,6,11,194
22768,0.7000,6,11,194
22779,0.7000,6,11,194
22789,0.7000,6,11,194
22799,0.7000,6,11,194
22809,0.7000,6,11,194
22819,0.7000,6,11,194
22829,0.7000,6,11,194
22839,0.7000,6,11,194
22849,0.7000,6,11,194
22859,0.7000,6,11,194
22869,0.7000,6,11,194
22879,0.7000,6,11,194
22889,0.7000,6,11,194
22899,0.7000,6,11,194
22909,0.7000,6,11,194
22919,0.7000,6,11,194
22932,0.7000,6,11,194
22942,0.7000,6,11,194
22952,0.7000,6,11,194
22962,0.7000,6,11,194
22972,0.7000,6,11,194
22982,0.7000,6,11,194
22992,0.7000,6,11,194
23002,0.7000,6,11,194
23012,0.7000,6,11,194
23022,0.7000,6,11,194
23032,0.7000,6,11,194
23042,0.7000,6,11,194
23052,0.7000,6,11,194
23063,0.7000,6,11,194
23073,0.7000,6,11,194
23083,0.7000,6,11,194
23093,0.7000,6,11,194
23103,0.7000,6,11,194
23113,0.7000,6,11,194
23124,0.7000,6,11,194
23134,0.7000,6,11,194
23144,0.7000,6,11,194
23154,0.7000,6,11,194
23164,0.7000,6,11,194
23174,0.7000,6,11,194
23185,0.7000,6,11,194
23195,0.7000,6,11,194
23205,0.7000,6,11,194
23215,0.7000,6,11,194
23225,0.7000,6,11,194
23235,0.7000,6,11,194
23245,0.7000,6,11,194
23255,0.7000,6,11,194
23265,0.7000,6,11,194
23275,0.7000,6,11,194
23285,0.7000,6,11,194
23295,0.7000,6,11,194
23306,0.7000,6,11,194
23316,0.7000,6,11,194
23326,0.7000,6,11,194
23336,0.7000,6,11,194
23346,0.7000,6,11,194
23356,0.7000,6,11,194
23366,0.7000,6,11,194
23376,0.7000,6,11,194
23386,0.7000,6,11,194
23396,0.7000,6,11,194
23406,0.7000,6,11,194
23416,0.7000,6,11,194
23426,0.7000,6,11,194
23436,0.7000,6,11,194
23446,0.7000,6,11,194
23456,0.7000,6,11,194
23466,0.7000,6,11,194
23477,0.7000,6,11,194
23487,0.7000,6,11,194
23497,0.7000,6,11,194
23507,0.7000,6,11,194
23517,0.7000,6,11,194
23527,0.7000,6,11,194
23537,0.7000,6,11,194
23547,0.7000,6,11,194
23557,0.7000,6,11,194
23567,0.7000,6,11,194
23577,0.7000,6,11,194
23587,0.7000,6,11,194
23597,0.7000,6,11,194
23607,0.7000,6,11,194
23617,0.7000,6,11,194
23627,0.7000,6,11,194
23637,0.7000,6,11,194
23648,0.7000,6,11,194
23658,0.7000,6,11,194
23668,0.7000,6,11,194
23678,0.7000,6,11,194
23688,0.7000,6,11,194
23698,0.7000,6,11,194
23709,0.7000,6,11,194
23719,0.7000,6,11,194
23729,0.7000,6,11,194
23739,0.7000,6,11,194
23749,0.7000,6,11,194
23759,0.7000,6,11,194
23769,0.7000,6,11,194
23779,0.7000,6,11,194
23789,0.7000,6,11,194
23799,0.7000,6,11,194
23809,0.7000,6,11,194
23819,0.7000,6,11,194
23829,0.7000,6,11,194
23839,0.7000,6,11,194
23850,0.7000,6,11,194
23860,0.7000,6,11,194
23870,0.7000,6,11,194
23880,0.7000,6,11,194
23890,0.7000,6,11,194
23900,0.7000,6,11,194
23910,0.7000,6,11,194
23920,0.7000,6,11,194
23930,0.7000,6,11,194
23940,0.7000,6,11,194
23950,0.3500,7,11,194
23961,0.7000,6,11,194
23971,0.7000,6,11,194
23981,0.7000,6,11,194
23991,0.7000,6,11,194
24001,0.7000,6,11,194
24011,0.7000,6,11,194
24021,0.7000,6,11,194
24033,0.7000,6,11,194
24043,0.7000,6,11,194
24053,0.7000,6,11,194
24063,0.7000,6,11,194
24073,0.7000,6,11,194
24083,0.7000,6,11,194
24093,0.7000,6,11,194
24103,0.7000,6,11,194
24113,0.7000,6,11,194
24123,0.7000,6,11,194
24133,0.7000,6,11,194
24144,0.7000,6,11,194
24154,0.7000,6,11,194
24164,0.7000,6,11,194
24174,0.7000,6,11,194
24184,0.7000,6,11,194
24194,0.7000,6,11,194
24204,0.7000,6,11,194
24214,0.7000,6,11,194
24224,0.7000,6,11,194
24234,0.7000,6,11,194
24244,0.7000,6,11,194
24254,0.7000,6,11,194
24264,0.7000,6,11,194
24274,0.7000,6,11,194
24284,0.7000,6,11,194
24294,0.7000,6,11,194
24304,0.7000,6,11,194
24315,0.7000,6,11,194
24325,0.7000,6,11,194
24335,0.7000,6,11,194
24345,0.7000,6,11,194
24355,0.7000,6,11,194
24365,0.7000,6,11,194
24375,0.7000,6,11,194
24385,0.7000,6,11,194
24395,0.7000,6,11,194
24405,0.7000,6,11,194
24415,0.7000,6,11,194
24425,0.7000,6,11,194
24435,0.7000,6,11,194
24445,0.7000,6,11,194
24455,0.7000,6,11,194
24465,0.7000,6,11,194
24475,0.7000,6,11,194
24486,0.7000,6,11,194
24496,0.7000,6,11,194
24506,0.7000,6,11,194
24516,0.7000,6,11,194
24526,0.7000,6,11,194
24536,0.7000,6,11,194
24546,0.7000,6,11,194
24556,0.7000,6,11,194
24566,0.7000,6,11,194
24576,0.7000,6,11,194
24586,0.7000,6,11,194
24596,0.7000,6,11,194
24606,0.7000,6,11,194
24616,0.7000,6,11,194
24626,0.7000,6,11,194
24636,0.7000,6,11,194
24646,0.7000,6,11,194
24657,0.7000,6,11,194
24667,0.7000,6,11,194
24677,0.7000,6,11,194
24687,0.7000,6,11,194
24697,0.7000,6,11,194
24707,0.7000,6,11,194
24717,0.7000,6,11,194
24727,0.7000,6,11,194
24737,0.7000,6,11,194
24747,0.7000,6,11,194
24757,0.7000,6,11,194
24767,0.7000,6,11,194
24777,0.7000,6,11,194
24787,0.7000,6,11,194
24797,0.7000,6,11,194
24807,0.7000,6,11,194
24817,0.7000,6,11,194
24828,0.7000,6,11,194
24838,0.7000,6,11,194
24848,0.7000,6,11,194
24858,0.7000,6,11,194
24868,0.7000,6,11,194
24878,0.7000,6,11,194
24888,0.7000,6,11,194
24898,0.7000,6,11,194
24908,0.7000,6,11,194
24918,0.7000,6,11,194
24928,0.7000,6,11,194
24938,0.7000,6,11,194
24948,0.7000,6,11,194
24958,0.7000,6,11,194
24968,0.7000,6,11,194
24978,0.7000,6,11,194
24988,0.7000,6,11,194
24999,0.7000,6,11,194
25009,0.7000,6,11,194
25019,0.7000,6,11,194
25029,0.7000,6,11,194
25039,0.7000,6,11,194
25049,0.7000,6,11,194
25059,0.7000,6,11,194
25069,0.7000,6,11,194
25079,0.7000,6,11,194
25089,0.7000,6,11,194
25099,0.7000,6,11,194
25109,0.7000,6,11,194
25119,0.7000,6,11,194
25129,0.7000,6,11,194
25139,0.7000,6,11,194
25149,0.7000,6,11,194
25159,0.7000,6,11,194
25170,0.7000,6,11,194
25180,0.7000,6,11,194
25190,0.7000,6,11,194
25200,0.7000,6,11,194
25210,0.7000,6,11,194
25220,0.7000,6,11,194
25231,0.7000,6,11,194
25241,0.7000,6,11,194
25251,0.7000,6,11,194
25261,0.7000,6,11,194
25271,0.7000,6,11,194
25281,0.7000,6,11,194
25291,0.7000,6,11,194
25301,0.7000,6,11,194
25312,0.7000,6,11,194
25322,0.7000,6,11,194
25332,0.7000,6,11,194
25342,0.7000,6,11,194
25352,0.7000,6,11,194
25362,0.7000,6,11,194
25372,0.7000,6,11,194
25382,0.7000,6,11,194
25392,0.7000,6,11,194
25402,0.7000,6,11,194
25412,0.7000,6,11,194
25422,0.7000,6,11,194
25435,0.7000,6,11,194
25445,0.7000,6,11,194
25455,0.7000,6,11,194
25465,0.7000,6,11,194
25475,0.7000,6,11,194
25485,0.7000,6,11,194
25495,0.7000,6,11,194
25505,0.7000,6,11,194
25515,0.7000,6,11,194
25525,0.7000,6,11,194
25535,0.7000,6,11,194
25545,0.7000,6,11,194
25555,0.7000,6,11,194
25565,0.7000,6,11,194
25576,0.7000,6,11,194
25586,0.7000,6,11,194
25596,0.7000,6,11,194
25606,0.7000,6,11,194
25616,0.7000,6,11,194
25626,0.7000,6,11,194
25636,0.7000,6,11,194
25646,0.7000,6,11,194
25656,0.7000,6,11,194
25666,0.7000,6,11,194
25676,0.7000,6,11,194
25686,0.7000,6,11,194
25696,0.7000,6,11,194
25706,0.7000,6,11,194
25716,0.7000,6,11,194
25726,0.7000,6,11,194
25737,0.7000,6,11,194
25747,0.7000,6,11,194
25757,0.7000,6,11,194
25767,0.7000,6,11,194
25777,0.7000,6,11,194
25787,0.7000,6,11,194
25797,0.7000,6,11,194
25807,0.7000,6,11,194
25817,0.7000,6,11,194
25827,0.7000,6,11,194
25837,0.7000,6,11,194
25847,0.7000,6,11,194
25857,0.7000,6,11,194
25868,0.7000,6,11,194
25878,0.7000,6,11,194
25888,0.7000,6,11,194
25898,0.7000,6,11,194
25908,0.7000,6,11,194
25918,0.7000,6,11,194
25928,0.7000,6,11,194
25938,0.7000,6,11,194
25948,0.7000,6,11,194
25958,0.7000,6,11,194
25968,0.7000,6,11,194
25978,0.7000,6,11,194
25988,0.7000,6,11,194
25998,0.7000,6,11,194
26008,0.7000,6,11,194
26018,0.7000,6,11,194
26029,0.7000,6,11,194
26039,0.7000,6,11,194
26049,0.7000,6,11,194
26059,0.7000,6,11,194
26069,0.7000,6,11,194
26079,0.7000,6,11,194
26089,0.7000,6,11,194
26100,0.7000,6,11,194
26110,0.7000,6,11,194
26121,0.7000,6,11,194
26132,0.7000,6,11,194
26142,0.7000,6,11,194
26153,0.7000,6,11,194
26163,0.7000,6,11,194
26173,0.7000,6,11,194
26183,0.7000,6,11,194
26193,0.7000,6,11,194
26203,0.7000,6,11,194
26213,0.7000,6,11,194
26223,0.7000,6,11,194
26233,0.7000,6,11,194
26244,0.7000,6,11,194
26254,0.7000,6,11,194
26264,0.7000,6,11,194
26274,0.7000,6,11,194
26284,0.7000,6,11,194
26294,0.7000,6,11,194
26304,0.7000,6,11,194
26314,0.7000,6,11,194
26324,0.7000,6,11,194
26334,0.7000,6,11,194
26344,0.7000,6,11,194
26354,0.7000,6,11,194
26364,0.7000,6,11,194
26374,0.7000,6,11,194
26384,0.7000,6,11,194
26394,0.7000,6,11,194
26404,0.7000,6,11,194
26415,0.7000,6,11,194
26425,0.7000,6,11,194
26435,0.7000,6,11,194
26445,0.7000,6,11,194
26455,0.7000,6,11,194
26465,0.7000,6,11,194
26475,0.7000,6,11,194
26485,0.7000,6,11,194
26495,0.7000,6,11,194
26505,0.7000,6,11,194
26515,0.7000,6,11,194
26525,0.7000,6,11,194
26535,0.7000,6,11,194
26545,0.7000,6,11,194
26555,0.7000,6,11,194
26565,0.7000,6,11,194
26575,0.7000,6,11,194
26586,0.7000,6,11,194
26596,0.7000,6,11,194
26606,0.7000,6,11,194
26616,0.7000,6,11,194
26626,0.7000,6,11,194
26636,0.7000,6,11,194
26646,0.7000,6,11,194
26656,0.7000,6,11,194
26666,0.7000,6,11,194
26676,0.7000,6,11,194
26686,0.7000,6,11,194
26696,0.7000,6,11,194
26706,0.7000,6,11,194
26716,0.7000,6,11,194
26726,0.7000,6,11,194
26736,0.7000,6,11,194
26747,0.7000,6,11,194
26757,0.7000,6,11,194
26767,0.7000,6,11,194
26777,0.7000,6,11,194
26787,0.7000,6,11,194
26797,0.7000,6,11,194
26807,0.7000,6,11,194
26817,0.7000,6,11,194
26827,0.7000,6,11,194
26837,0.7000,6,11,194
26847,0.7000,6,11,194
26857,0.7000,6,11,194
26867,0.7000,6,11,194
26877,0.7000,6,11,194
26887,0.7000,6,11,194
26897,0.7000,6,11,194
26907,0.7000,6,11,194
26918,0.7000,6,11,194
26928,0.7000,6,11,194
26938,0.7000,6,11,194
26948,0.7000,6,11,194
26958,0.7000,6,11,194
26968,0.7000,6,11,194
26978,0.7000,6,11,194
26988,0.7000,6,11,194
26998,0.7000,6,11,194
27008,0.7000,6,11,194
27018,0.7000,6,11,194
27028,0.7000,6,11,194
27039,0.7000,6,11,194
27049,0.7000,6,11,194
27059,0.7000,6,11,194
27069,0.7000,6,11,194
27079,0.7000,6,11,194
27090,0.7000,6,11,194
27100,0.7000,6,11,194
27112,0.7000,6,11,194
27122,0.7000,6,11,194
27132,0.7000,6,11,194
27142,0.7000,6,11,194
27153,0.7000,6,11,194
27163,0.7000,6,11,194
27173,0.7000,6,11,194
27183,0.7000,6,11,194
27193,0.7000,6,11,194
27203,0.7000,6,11,194
27213,0.7000,6,11,194
27223,0.7000,6,11,194
27234,0.7000,6,11,194
27244,0.7000,6,11,194
27254,0.7000,6,11,194
27264,0.7000,6,11,194
27274,0.7000,6,11,194
27284,0.7000,6,11,194
27294,0.7000,6,11,194
27304,0.7000,6,11,194
27314,0.7000,6,11,194
27324,0.7000,6,11,194
27334,0.7000,6,11,194
27345,0.7000,6,11,194
27355,0.7000,6,11,194
27365,0.7000,6,11,194
27375,0.7000,6,11,194
27385,0.7000,6,11,194
27395,0.7000,6,11,194
27405,0.7000,6,11,194
27415,0.7000,6,11,194
27425,0.7000,6,11,194
27436,0.7000,6,11,194
27446,0.7000,6,11,194
27456,0.7000,6,11,194
27466,0.7000,6,11,194
27476,0.7000,6,11,194
27486,0.7000,6,11,194
27496,0.7000,6,11,194
27506,0.7000,6,11,194
27517,0.7000,6,11,194
27527,0.7000,6,11,194
27537,0.7000,6,11,194
27547,0.7000,6,11,194
27557,0.7000,6,11,194
27567,0.7000,6,11,194
27577,0.7000,6,11,194
27587,0.7000,6,11,194
27597,0.7000,6,11,194
27607,0.7000,6,11,194
27617,0.7000,6,11,194
27627,0.7000,6,11,194
27637,0.7000,6,11,194
27647,0.7000,6,11,194
27657,0.7000,6,11,194
27667,0.7000,6,11,194
27677,0.7000,6,11,194
27687,0.7000,6,11,194
27698,0.7000,6,11,194
27708,0.7000,6,11,194
27718,0.3500,7,11,194
27728,0.7000,6,11,194
27738,0.7000,6,11,194
27748,0.7000,6,11,194
27758,0.7000,6,11,194
27768,0.7000,6,11,194
27778,0.7000,6,11,194
27788,0.7000,6,11,194
27799,0.7000,6,11,194
27809,0.7000,6,11,194
27819,0.7000,6,11,194
27829,0.7000,6,11,194
27839,0.7000,6,11,194
27849,0.7000,6,11,194
27859,0.7000,6,11,194
27869,0.7000,6,11,194
27879,0.7000,6,11,194
27889,0.7000,6,11,194
27899,0.7000,6,11,194
27909,0.7000,6,11,194
27920,0.7000,6,11,194
27930,0.7000,6,11,194
27940,0.7000,6,11,194
27951,0.7000,6,11,194
27961,0.7000,6,11,194
27971,0.7000,6,11,194
27982,0.7000,6,11,194
27992,0.7000,6,11,194
28002,0.7000,6,11,194
28012,0.7000,6,11,194
28023,0.7000,6,11,194
28033,0.7000,6,11,194
28043,0.7000,6,11,194
28053,0.7000,6,11,194
28063,0.7000,6,11,194
28073,0.7000,6,11,194
28083,0.7000,6,11,194
28093,0.7000,6,11,194
28103,0.7000,6,11,194
28113,0.7000,6,11,194
28123,0.7000,6,11,194
28133,0.7000,6,11,194
28143,0.7000,6,11,194
28153,0.7000,6,11,194
28163,0.7000,6,11,194
28173,0.7000,6,11,194
28183,0.7000,6,11,194
28194,0.7000,6,11,194
28204,0.7000,6,11,194
28214,0.7000,6,11,194
28228,0.7000,6,11,194
28238,0.7000,6,11,194
28248,0.7000,6,11,194
28258,0.7000,6,11,194
28268,0.7000,6,11,194
28278,0.7000,6,11,194
28288,0.7000,6,11,194
28298,0.7000,6,11,194
28308,0.7000,6,11,194
28318,0.7000,6,11,194
28328,0.7000,6,11,194
28338,0.7000,6,11,194
28348,0.7000,6,11,194
28359,0.7000,6,11,194
28369,0.7000,6,11,194
28379,0.7000,6,11,194
28389,0.7000,6,11,194
28399,0.7000,6,11,194
28409,0.7000,6,11,194
28419,0.7000,6,11,194
28429,0.7000,6,11,194
28439,0.7000,6,11,194
28449,0.7000,6,11,194
28459,0.7000,6,11,194
28469,0.7000,6,11,194
28479,0.7000,6,11,194
28491,0.7000,6,11,194
28501,0.7000,6,11,194
28511,0.7000,6,11,194
28521,0.7000,6,11,194
28531,0.7000,6,11,194
28541,0.7000,6,11,194
28551,0.7000,6,11,194
28561,0.7000,6,11,194
28571,0.7000,6,11,194
28581,0.7000,6,11,194
28591,0.7000,6,11,194
28602,0.7000,6,11,194
28612,0.7000,6,11,194
28622,0.7000,6,11,194
28632,0.7000,6,11,194
28642,0.7000,6,11,194
28652,0.7000,6,11,194
28662,0.7000,6,11,194
28672,0.7000,6,11,194
28682,0.7000,6,11,194
28692,0.7000,6,11,194
28702,0.7000,6,11,194
28712,0.7000,6,11,194
28722,0.7000,6,11,194
28732,0.7000,6,11,194
28742,0.7000,6,11,194
28753,0.7000,6,11,194
28763,0.7000,6,11,194
28773,0.7000,6,11,194
28783,0.7000,6,11,194
28793,0.7000,6,11,194
28804,0.7000,6,11,194
28814,0.7000,6,11,194
28824,0.7000,6,11,194
28834,0.7000,6,11,194
28846,0.7000,6,11,194
28856,0.7000,6,11,194
28866,0.7000,6,11,194
28876,0.7000,6,11,194
28886,0.7000,6,11,194
28896,0.7000,6,11,194
28906,0.7000,6,11,194
28916,0.7000,6,11,194
28926,0.7000,6,11,194
28937,0.7000,6,11,194
28947,0.7000,6,11,194
28957,0.7000,6,11,194
28967,0.3500,7,11,194
28977,0.7000,6,11,194
28987,0.7000,6,11,194
28997,0.7000,6,11,194
29007,0.7000,6,11,194
29017,0.7000,6,11,194
29027,0.7000,6,11,194
29037,0.7000,6,11,194
29048,0.7000,6,11,194
29058,0.7000,6,11,194
29068,0.7000,6,11,194
29078,0.7000,6,11,194
29088,0.7000,6,11,194
29098,0.7000,6,11,194
29108,0.7000,6,11,194
29118,0.7000,6,11,194
29128,0.7000,6,11,194
29138,0.7000,6,11,194
29148,0.7000,6,11,194
29158,0.7000,6,11,194
29168,0.7000,6,11,194
29178,0.7000,6,11,194
29188,0.7000,6,11,194
29198,0.7000,6,11,194
29208,0.7000,6,11,194
29219,0.7000,6,11,194
29229,0.7000,6,11,194
29239,0.7000,6,11,194
29249,0.7000,6,11,194
29259,0.7000,6,11,194
29269,0.7000,6,11,194
29279,0.7000,6,11,194
29289,0.7000,6,11,194
29299,0.7000,6,11,194
29309,0.7000,6,11,194
29319,0.7000,6,11,194
29329,0.7000,6,11,194
29339,0.7000,6,11,194
29349,0.7000,6,11,194
29359,0.7000,6,11,194
29369,0.7000,6,11,194
29379,0.7000,6,11,194
29390,0.7000,6,11,194
29400,0.7000,6,11,194
29410,0.7000,6,11,194
29420,0.7000,6,11,194
29430,0.7000,6,11,194
29440,0.7000,6,11,194
29450,0.7000,6,11,194
29460,0.7000,6,11,194
29470,0.7000,6,11,194
29480,0.7000,6,11,194
29490,0.7000,6,11,194
29500,0.7000,6,11,194
29510,0.7000,6,11,194
29520,0.7000,6,11,194
29530,0.7000,6,11,194
29540,0.7000,6,11,194
29551,0.7000,6,11,194
29561,0.7000,6,11,194
29571,0.7000,6,11,194
29581,0.7000,6,11,194
29591,0.7000,6,11,194
29601,0.7000,6,11,194
29611,0.7000,6,11,194
29621,0.7000,6,11,194
29631,0.7000,6,11,194
29641,0.7000,6,11,194
29651,0.7000,6,11,194
29661,0.7000,6,11,194
29671,0.7000,6,11,194
29681,0.7000,6,11,194
29691,0.7000,6,11,194
29701,0.7000,6,11,194
29711,0.7000,6,11,194
29722,0.7000,6,11,194
29732,0.7000,6,11,194
29742,0.7000,6,11,194
29752,0.7000,6,11,194
29762,0.7000,6,11,194
29772,0.7000,6,11,194
29782,0.7000,6,11,194
29792,0.7000,6,11,194
29802,0.7000,6,11,194
29812,0.7000,6,11,194
29822,0.7000,6,11,194
29832,0.7000,6,11,194
29842,0.7000,6,11,194
29852,0.7000,6,11,194
29862,0.7000,6,11,194
29872,0.7000,6,11,194
29882,0.7000,6,11,194
29893,0.7000,6,11,194
29903,0.7000,6,11,194
29913,0.7000,6,11,194
29923,0.7000,6,11,194
29933,0.7000,6,11,194
29943,0.7000,6,11,194
29953,0.7000,6,11,194
29963,0.7000,6,11,194
29973,0.7000,6,11,194
29983,0.7000,6,11,194
29993,0.7000,6,11,194
30003,0.7000,6,11,194
30013,0.7000,6,11,194
30023,0.7000,6,11,194
30033,0.7000,6,11,194
30043,0.7000,6,11,194
30053,0.7000,6,11,194
30064,0.7000,6,11,194
30074,0.7000,6,11,194
30084,0.7000,6,11,194
30094,0.7000,6,11,194
30104,0.7000,6,11,194
30114,0.7000,6,11,194
30124,0.7000,6,11,194
30134,0.7000,6,11,194
30144,0.7000,6,11,194
30154,0.7000,6,11,194
30164,0.7000,6,11,194
30175,0.7000,6,11,194
30185,0.7000,6,11,194
30195,0.7000,6,11,194
30205,0.7000,6,11,194
30215,0.7000,6,11,194
30225,0.7000,6,11,194
30235,0.7000,6,11,194
30245,0.7000,6,11,194
30255,0.7000,6,11,194
30265,0.7000,6,11,194
30275,0.7000,6,11,194
30287,0.7000,6,11,194
30297,0.7000,6,11,194
30307,0.7000,6,11,194
30319,0.7000,6,11,194
30329,0.7000,6,11,194
30339,0.7000,6,11,194
30349,0.7000,6,11,194
30359,0.7000,6,11,194
30369,0.7000,6,11,194
30379,0.7000,6,11,194
30389,0.7000,6,11,194
30399,0.7000,6,11,194
30409,0.7000,6,11,194
30419,0.7000,6,11,194
30430,0.7000,6,11,194
30440,0.7000,6,11,194
30450,0.7000,6,11,194
30460,0.7000,6,11,194
30470,0.7000,6,11,194
30480,0.7000,6,11,194
30490,0.7000,6,11,194
30500,0.7000,6,11,194
30510,0.7000,6,11,194
30520,0.7000,6,11,194
30532,0.7000,6,11,194
30542,0.7000,6,11,194
30552,0.7000,6,11,194
30562,0.7000,6,11,194
30572,0.3500,7,11,194
30582,0.7000,6,11,194
30592,0.7000,6,11,194
30602,0.7000,6,11,194
30612,0.7000,6,11,194
30622,0.7000,6,11,194
30632,0.7000,6,11,194
30642,0.7000,6,11,194
30653,0.7000,6,11,194
30663,0.7000,6,11,194
30673,0.7000,6,11,194
30683,0.7000,6,11,194
30693,0.7000,6,11,194
30703,0.7000,6,11,194
30713,0.7000,6,11,194
30723,0.7000,6,11,194
30733,0.7000,6,11,194
30743,0.7000,6,11,194
30753,0.7000,6,11,194
30763,0.7000,6,11,194
30773,0.7000,6,11,194
30783,0.7000,6,11,194
30793,0.7000,6,11,194
30804,0.7000,6,11,194
30814,0.7000,6,11,194
30824,0.7000,6,11,194
30834,0.7000,6,11,194
30844,0.7000,6,11,194
30854,0.7000,6,11,194
30864,0.7000,6,11,194
30875,0.7000,6,11,194
30885,0.7000,6,11,194
30895,0.7000,6,11,194
30905,0.7000,6,11,194
30915,0.7000,6,11,194
30925,0.7000,6,11,194
30935,0.7000,6,11,194
30945,0.7000,6,11,194
30955,0.7000,6,11,194
30965,0.7000,6,11,194
30976,0.7000,6,11,194
30986,0.7000,6,11,194
30996,0.7000,6,11,194
31006,0.7000,6,11,194
31016,0.7000,6,11,194
31026,0.7000,6,11,194
31036,0.7000,6,11,194
31046,0.7000,6,11,194
31056,0.7000,6,11,194
31066,0.7000,6,11,194
31076,0.7000,6,11,194
31086,0.7000,6,11,194
31096,0.7000,6,11,194
31106,0.7000,6,11,194
31117,0.7000,6,11,194
31127,0.7000,6,11,194
31137,0.7000,6,11,194
31147,0.7000,6,11,194
31157,0.7000,6,11,194
31167,0.7000,6,11,194
31177,0.7000,6,11,194
31187,0.7000,6,11,194
31197,0.7000,6,11,194
31207,0.7000,6,11,194
31217,0.7000,6,11,194
31227,0.7000,6,11,194
31237,0.7000,6,11,194
31247,0.7000,6,11,194
31257,0.7000,6,11,194
31267,0.7000,6,11,194
31277,0.7000,6,11,194
31288,0.7000,6,11,194
31298,0.7000,6,11,194
31308,0.7000,6,11,194
31318,0.7000,6,11,194
31328,0.7000,6,11,194
31338,0.3500,7,11,194
31348,0.7000,6,11,194
31358,0.7000,6,11,194
31368,0.7000,6,11,194
31378,0.7000,6,11,194
31388,0.7000,6,11,194
31398,0.7000,6,11,194
31408,0.7000,6,11,194
31419,0.7000,6,11,194
31429,0.7000,6,11,194
31439,0.7000,6,11,194
31449,0.7000,6,11,194
31459,0.7000,6,11,194
31469,0.7000,6,11,194
31479,0.7000,6,11,194
31489,0.7000,6,11,194
31499,0.7000,6,11,194
31509,0.7000,6,11,194
31519,0.7000,6,11,194
31529,0.7000,6,11,194
31539,0.7000,6,11,194
31549,0.7000,6,11,194
31559,0.7000,6,11,194
31569,0.7000,6,11,194
31579,0.7000,6,11,194
31590,0.7000,6,11,194
31600,0.7000,6,11,194
31610,0.7000,6,11,194
31620,0.7000,6,11,194
31630,0.7000,6,11,194
31640,0.7000,6,11,194
31650,0.7000,6,11,194
31660,0.7000,6,11,194
31670,0.7000,6,11,194
31680,0.7000,6,11,194
31690,0.7000,6,11,194
31700,0.7000,6,11,194
31710,0.7000,6,11,194
31720,0.7000,6,11,194
31730,0.7000,6,11,194
31740,0.7000,6,11,194
31750,0.7000,6,11,194
31761,0.7000,6,11,194
31771,0.7000,6,11,194
31781,0.7000,6,11,194
31791,0.7000,6,11,194
31801,0.7000,6,11,194
31811,0.7000,6,11,194
31821,0.7000,6,11,194
31831,0.7000,6,11,194
31841,0.7000,6,11,194
31851,0.7000,6,11,194
31861,0.7000,6,11,194
31871,0.7000,6,11,194
31881,0.7000,6,11,194
31891,0.7000,6,11,194
31901,0.7000,6,11,194
31911,0.7000,6,11,194
31921,0.7000,6,11,194
31932,0.7000,6,11,194
31942,0.7000,7,11,194
31952,0.7000,6,11,194
31962,0.7000,6,11,194
31972,0.7000,6,11,194
31982,0.7000,6,11,194
31992,0.7000,6,11,194
32002,0.7000,6,11,194
32012,0.7000,6,11,194
32022,0.7000,6,11,194
32032,0.7000,6,11,194
32042,0.7000,6,11,194
32052,0.7000,6,11,194
32062,0.7000,6,11,194
32072,0.7000,6,11,194
32083,0.7000,6,11,194
32093,0.7000,6,11,194
32103,0.7000,6,11,194
32113,0.7000,6,11,194
32123,0.7000,6,11,194
32133,0.7000,6,11,194
32143,0.7000,6,11,194
32153,0.7000,6,11,194
32163,0.7000,6,11,194
32173,0.7000,6,11,194
32183,0.7000,6,11,194
32193,0.7000,6,11,194
32203,0.7000,6,11,194
32213,0.7000,6,11,194
32223,0.7000,6,11,194
32233,0.7000,6,11,194
32243,0.7000,6,11,194
32254,0.7000,6,11,194
32264,0.7000,6,11,194
32274,0.7000,6,11,194
32284,0.7000,6,11,194
32294,0.7000,6,11,194
32304,0.7000,6,11,194
32314,0.7000,6,11,194
32324,0.7000,6,11,194
32334,0.7000,6,11,194
32344,0.7000,6,11,194
32354,0.7000,6,11,194
32364,0.7000,6,11,194
32374,0.7000,6,11,194
32384,0.7000,6,11,194
32394,0.7000,6,11,194
32404,0.7000,6,11,194
32418,0.7000,6,11,194
32428,0.7000,6,11,194
32440,0.7000,6,11,194
32451,0.7000,6,11,194
32461,0.7000,6,11,194
32471,0.7000,6,11,194
32481,0.7000,6,11,194
32491,0.7000,6,11,194
32501,0.7000,6,11,194
32511,0.7000,6,11,194
32521,0.7000,6,11,194
32532,0.7000,6,11,194
32542,0.7000,6,11,194
32552,0.7000,6,11,194
32562,0.7000,6,11,194
32572,0.7000,6,11,194
32583,0.7000,6,11,194
32593,0.7000,6,11,194
32603,0.7000,6,11,194
32613,0.7000,6,11,194
32623,0.7000,6,11,194
32633,0.7000,6,11,194
32643,0.7000,6,11,194
32653,0.7000,6,11,194
32663,0.7000,6,11,194
32673,0.7000,6,11,194
32683,0.7000,6,11,194
32693,0.7000,6,11,194
32703,0.7000,6,11,194
32713,0.7000,6,11,194
32723,0.7000,6,11,194
32733,0.7000,6,11,194
32744,0.7000,6,11,194
32754,0.7000,6,11,194
32764,0.7000,6,11,194
32774,0.7000,6,11,194
32784,0.7000,6,11,194
32794,0.7000,6,11,194
32804,0.7000,6,11,194
32814,0.7000,6,11,194
32824,0.7000,6,11,194
32834,0.7000,6,11,194
32844,0.7000,6,11,194
32854,0.7000,6,11,194
32864,0.7000,6,11,194
32874,0.7000,6,11,194
32884,0.7000,6,11,194
32894,0.7000,6,11,194
32905,0.7000,6,11,194
32915,0.7000,6,11,194
32925,0.7000,6,11,194
32935,0.7000,6,11,194
32945,0.7000,6,11,194
32956,0.7000,6,11,194
32966,0.7000,6,11,194
32976,0.7000,6,11,194
32986,0.7000,6,11,194
32996,0.7000,6,11,194
33006,0.7000,6,11,194
33016,0.7000,6,11,194
33026,0.7000,6,11,194
33036,0.7000,6,11,194
33046,0.7000,6,11,194
33056,0.7000,6,11,194
33066,0.7000,6,11,194
33077,0.7000,6,11,194
33087,0.7000,6,11,194
33097,0.7000,6,11,194
33107,0.7000,6,11,194
33117,0.7000,6,11,194
33127,0.7000,6,11,194
33137,0.7000,6,11,194
33147,0.7000,6,11,194
33157,0.7000,6,11,194
33167,0.7000,6,11,194
33177,0.7000,6,11,194
33187,0.7000,6,11,194
33197,0.7000,6,11,194
33207,0.7000,6,11,194
33217,0.7000,6,11,194
33227,0.7000,6,11,194
33237,0.7000,6,11,194
33248,0.7000,6,11,194
33258,0.7000,6,11,194
33268,0.7000,6,11,194
33278,0.7000,6,11,194
33288,0.7000,6,11,194
33298,0.7000,6,11,194
33308,0.7000,6,11,194
33318,0.7000,6,11,194
33328,0.7000,6,11,194
33338,0.7000,6,11,194
33348,0.7000,6,11,194
33358,0.7000,6,11,194
33368,0.7000,6,11,194
33378,0.7000,6,11,194
33388,0.7000,6,11,194
33398,0.7000,6,11,194
33408,0.7000,6,11,194
33419,0.7000,6,11,194
33429,0.7000,6,11,194
33439,0.7000,6,11,194
33449,0.7000,6,11,194
33459,0.7000,6,11,194
33469,0.7000,6,11,194
33479,0.7000,6,11,194
33489,0.7000,6,11,194
33499,0.7000,6,11,194
33509,0.7000,6,11,194
33519,0.7000,6,11,194
33529,0.7000,6,11,194
33539,0.7000,6,11,194
33549,0.7000,6,11,194
33559,0.7000,6,11,194
33569,0.7000,6,11,194
33579,0.7000,6,11,194
33590,0.7000,6,11,194
33600,0.7000,6,11,194
33610,0.7000,6,11,194
33620,0.7000,6,11,194
33630,0.7000,6,11,194
33640,0.7000,6,11,194
33650,0.7000,6,11,194
33660,0.7000,6,11,194
33670,0.7000,6,11,194
33680,0.7000,6,11,194
33690,0.7000,6,11,194
33700,0.7000,6,11,194
33710,0.7000,6,11,194
33720,0.7000,6,11,194
33730,0.7000,6,11,194
33740,0.7000,6,11,194
33750,0.7000,6,11,194
33761,0.7000,6,11,194
33771,0.7000,6,11,194
33781,0.7000,6,11,194
33791,0.7000,6,11,194
33801,0.7000,6,11,194
33811,0.7000,6,11,194
33821,0.7000,6,11,194
33831,0.7000,6,11,194
33842,0.7000,6,11,194
33852,0.7000,6,11,194
33862,0.7000,6,11,194
33872,0.7000,6,11,194
33882,0.7000,6,11,194
33892,0.7000,6,11,194
33902,0.7000,6,11,194
33912,0.7000,6,11,194
33922,0.7000,6,11,194
33933,0.7000,6,11,194
33943,0.7000,6,11,194
33953,0.7000,6,11,194
33963,0.7000,6,11,194
33973,0.7000,6,11,194
33985,0.7000,6,11,194
33995,0.7000,6,11,194
34005,0.7000,6,11,194
34015,0.7000,6,11,194
34025,0.7000,6,11,194
34035,0.7000,6,11,194
34045,0.7000,6,11,194
34055,0.7000,6,11,194
34065,0.7000,6,11,194
34075,0.7000,6,11,194
34085,0.7000,6,11,194
34095,0.7000,6,11,194
34105,0.7000,6,11,194
34115,0.7000,6,11,194
34126,0.7000,6,11,194
34136,0.7000,6,11,194
34146,0.7000,6,11,194
34156,0.7000,6,11,194
34166,0.7000,6,11,194
34176,0.7000,6,11,194
34186,0.3500,7,11,194
34196,0.7000,6,11,194
34206,0.7000,6,11,194
34216,0.7000,6,11,194
34226,0.7000,6,11,194
34236,0.7000,6,11,194
34246,0.7000,6,11,194
34256,0.7000,6,11,194
34267,0.7000,6,11,194
34277,0.7000,6,11,194
34287,0.7000,6,11,194
34297,0.7000,6,11,194
34307,0.7000,6,11,194
34317,0.7000,6,11,194
34327,0.7000,6,11,194
34337,0.7000,6,11,194
34347,0.7000,6,11,194
34357,0.7000,6,11,194
34367,0.7000,6,11,194
34377,0.7000,6,11,194
34387,0.3500,7,11,194
34397,0.7000,6,11,194
34408,0.7000,6,11,194
34418,0.7000,6,11,194
34428,0.7000,6,11,194
34438,0.7000,6,11,194
34448,0.7000,6,11,194
34458,0.7000,6,11,194
34468,0.7000,6,11,194
34478,0.7000,6,11,194
34488,0.7000,6,11,194
34498,0.7000,6,11,194
34508,0.7000,6,11,194
34518,0.7000,6,11,194
34529,0.7000,6,11,194
34540,0.7000,6,11,194
34550,0.7000,6,11,194
34561,0.7000,6,11,194
34571,0.7000,6,11,194
34581,0.7000,6,11,194
34591,0.7000,6,11,194
34603,0.7000,6,11,194
34613,0.7000,6,11,194
34624,0.7000,6,11,194
34634,0.7000,6,11,194
34647,0.7000,6,11,194
34657,0.7000,6,11,194
34667,0.7000,6,11,194
34677,0.7000,6,11,194
34687,0.7000,6,11,194
34697,0.7000,6,11,194
34707,0.7000,6,11,194
34717,0.7000,6,11,194
34727,0.7000,6,11,194
34737,0.7000,6,11,194
34747,0.7000,6,11,194
34757,0.7000,6,11,194
34767,0.7000,6,11,194
34777,0.7000,6,11,194
34791,0.7000,6,11,194
34801,0.7000,6,11,194
34811,0.7000,6,11,194
34821,0.7000,6,11,194
34831,0.7000,6,11,194
34841,0.7000,6,11,194
34851,0.7000,6,11,194
34861,0.7000,6,11,194
34871,0.7000,6,11,194
34881,0.7000,6,11,194
34892,0.7000,6,11,194
34902,0.7000,6,11,194
34912,0.7000,6,11,194
34922,0.7000,6,11,194
34932,0.7000,6,11,194
34942,0.7000,6,11,194
34952,0.7000,6,11,194
34962,0.7000,6,11,194
34972,0.7000,6,11,194
34982,0.7000,6,11,194
34992,0.3500,7,11,194
35003,0.7000,6,11,194
35013,0.7000,6,11,194
35023,0.7000,6,11,194
35033,0.7000,6,11,194
35043,0.7000,6,11,194
35053,0.7000,6,11,194
35063,0.7000,6,11,194
35073,0.7000,6,11,194
35083,0.7000,6,11,194
35093,0.7000,6,11,194
35103,0.7000,6,11,194
35113,0.7000,6,11,194
35123,0.7000,6,11,194
35133,0.7000,6,11,194
35144,0.7000,6,11,194
35154,0.7000,6,11,194
35164,0.7000,6,11,194
35174,0.7000,6,11,194
35184,0.7000,6,11,194
35194,0.3500,7,11,194
35204,0.7000,6,11,194
35214,0.7000,6,11,194
35224,0.7000,6,11,194
35234,0.7000,6,11,194
35244,0.7000,6,11,194
35254,0.7000,6,11,194
35265,0.7000,6,11,194
35275,0.7000,6,11,194
35285,0.7000,6,11,194
35295,0.7000,6,11,194
35305,0.7000,6,11,194
35315,0.7000,6,11,194
35325,0.7000,6,11,194
35336,0.7000,6,11,194
35346,0.7000,6,11,194
35356,0.7000,6,11,194
35367,0.7000,6,11,194
35377,0.7000,6,11,194
35388,0.7000,6,11,194
35398,0.7000,6,11,194
35409,0.7000,6,11,194
35420,0.7000,6,11,194
35430,0.7000,6,11,194
35440,0.7000,6,11,194
35450,0.7000,6,11,194
35460,0.7000,6,11,194
35470,0.7000,6,11,194
35480,0.7000,6,11,194
35490,0.7000,6,11,194
35500,0.7000,6,11,194
35510,0.7000,6,11,194
35520,0.7000,6,11,194
35530,0.7000,6,11,194
35540,0.7000,6,11,194
35550,0.7000,6,11,194
35560,0.7000,6,11,194
35571,0.7000,6,11,194
35581,0.7000,6,11,194
35591,0.7000,6,11,194
35601,0.7000,6,11,194
35611,0.7000,6,11,194
35621,0.7000,6,11,194
35631,0.7000,6,11,194
35641,0.7000,6,11,194
35651,0.7000,6,11,194
35661,0.7000,6,11,194
35671,0.7000,6,11,194
35681,0.7000,6,11,194
35691,0.7000,6,11,194
35701,0.7000,6,11,194
35711,0.7000,6,11,194
35721,0.7000,6,11,194
35731,0.7000,6,11,194
35742,0.7000,6,11,194
35752,0.7000,6,11,194
35762,0.7000,6,11,194
35772,0.7000,6,11,194
35782,0.7000,6,11,194
35792,0.7000,6,11,194
35802,0.7000,6,11,194
35812,0.7000,6,11,194
35822,0.7000,6,11,194
35832,0.7000,6,11,194
35842,0.7000,6,11,194
35852,0.7000,6,11,194
35862,0.7000,6,11,194
35872,0.7000,6,11,194
35882,0.7000,6,11,194
35892,0.7000,6,11,194
35902,0.7000,6,11,194
35913,0.7000,6,11,194
35923,0.7000,6,11,194
35933,0.7000,6,11,194
35943,0.7000,6,11,194
35953,0.3500,7,11,194
35963,0.7000,6,11,194
35973,0.7000,6,11,194
35983,0.7000,6,11,194
35993,0.7000,6,11,194
36003,0.7000,6,11,194
36013,0.7000,6,11,194
36023,0.7000,6,11,194
36034,0.7000,6,11,194
36045,0.7000,6,11,194
36055,0.7000,6,11,194
36065,0.7000,6,11,194
36075,0.7000,6,11,194
36085,0.7000,6,11,194
36095,0.7000,6,11,194
36105,0.7000,6,11,194
36115,0.7000,6,11,194
36125,0.7000,6,11,194
36135,0.7000,6,11,194
36145,0.7000,6,11,194
36155,0.7000,6,11,194
36165,0.7000,6,11,194
36175,0.7000,6,11,194
36185,0.7000,6,11,194
36196,0.7000,6,11,194
36206,0.7000,6,11,194
36216,0.7000,6,11,194
36226,0.7000,6,11,194
36236,0.7000,6,11,194
36246,0.7000,6,11,194
36256,0.7000,6,11,194
36266,0.7000,6,11,194
36276,0.7000,6,11,194
36286,0.7000,6,11,194
36296,0.7000,6,11,194
36306,0.7000,6,11,194
36316,0.7000,6,11,194
36326,0.7000,6,11,194
36336,0.7000,6,11,194
36346,0.7000,6,11,194
36356,0.7000,6,11,194
36367,0.7000,6,11,194
36377,0.7000,6,11,194
36387,0.7000,6,11,194
36397,0.7000,6,11,194
36407,0.7000,6,11,194
36417,0.7000,6,11,194
36427,0.7000,6,11,194
36437,0.7000,6,11,194
36447,0.7000,6,11,194
36457,0.7000,6,11,194
36467,0.7000,6,11,194
36477,0.7000,6,11,194
36487,0.7000,6,11,194
36497,0.7000,6,11,194
36507,0.7000,6,11,194
36517,0.7000,6,11,194
36527,0.7000,6,11,194
36538,0.7000,6,11,194
36548,0.7000,6,11,194
36558,0.7000,6,11,194
36568,0.7000,6,11,194
36578,0.7000,6,11,194
36588,0.7000,6,11,194
36598,0.7000,6,11,194
36608,0.7000,6,11,194
36618,0.7000,6,11,194
36628,0.7000,6,11,194
36638,0.7000,6,11,194
36648,0.7000,6,11,194
36658,0.7000,6,11,194
36668,0.7000,6,11,194
36690,0.7000,6,11,194
36702,0.7000,6,11,194
36712,0.7000,6,11,194
36722,0.7000,6,11,194
36732,0.7000,6,11,194
36743,0.7000,6,11,194
36753,0.7000,6,11,194
36763,0.7000,6,11,194
36773,0.7000,6,11,194
36783,0.7000,6,11,194
36793,0.7000,6,11,194
36803,0.7000,6,11,194
36813,0.7000,6,11,194
36823,0.7000,6,11,194
36833,0.7000,6,11,194
36843,0.7000,6,11,194
36853,0.7000,6,11,194
36863,0.7000,6,11,194
36873,0.7000,6,11,194
36883,0.7000,6,11,194
36893,0.7000,6,11,194
36903,0.7000,6,11,194
36914,0.7000,6,11,194
36924,0.7000,6,11,194
36934,0.7000,6,11,194
36944,0.7000,6,11,194
36954,0.7000,6,11,194
36964,0.7000,6,11,194
36974,0.7000,6,11,194
36984,0.7000,6,11,194
36994,0.7000,6,11,194
37004,0.7000,6,11,194
37014,0.7000,6,11,194
37024,0.7000,6,11,194
37034,0.7000,6,11,194
37044,0.7000,6,11,194
37054,0.7000,6,11,194
37064,0.7000,6,11,194
37074,0.7000,6,11,194
37085,0.7000,6,11,194
37095,0.7000,6,11,194
37105,0.7000,6,11,194
37115,0.7000,6,11,194
37125,0.7000,6,11,194
37135,0.7000,6,11,194
37145,0.7000,6,11,194
37155,0.7000,6,11,194
37165,0.7000,6,11,194
37175,0.7000,6,11,194
37185,0.7000,6,11,194
37195,0.7000,6,11,194
37205,0.7000,6,11,194
37215,0.7000,6,11,194
37225,0.7000,6,11,194
37235,0.7000,6,11,194
37245,0.7000,6,11,194
37256,0.7000,6,11,194
37266,0.7000,6,11,194
37276,0.7000,6,11,194
37286,0.7000,6,11,194
37296,0.7000,6,11,194
37306,0.7000,6,11,194
37316,0.7000,6,11,194
37326,0.7000,6,11,194
37336,0.7000,6,11,194
37346,0.7000,6,11,194
37356,0.7000,6,11,194
37368,0.7000,6,11,194
37378,0.7000,6,11,194
37388,0.7000,6,11,194
37399,0.7000,6,11,194
37409,0.7000,6,11,194
37420,0.7000,6,11,194
37430,0.7000,6,11,194
37443,0.7000,6,11,194
37455,0.7000,6,11,194
37465,0.7000,6,11,194
37475,0.7000,6,11,194
37485,0.7000,6,11,194
37496,0.7000,6,11,194
37506,0.7000,6,11,194
37516,0.7000,6,11,194
37526,0.7000,6,11,194
37536,0.7000,6,11,194
37546,0.7000,6,11,194
37556,0.7000,6,11,194
37567,0.7000,6,11,194
37579,0.7000,6,11,194
37589,0.7000,6,11,194
37600,0.7000,6,11,194
37610,0.7000,6,11,194
37621,0.7000,6,11,194
37631,0.7000,6,11,194
37643,0.7000,6,11,194
37653,0.7000,6,11,194
37663,0.7000,6,11,194
37673,0.7000,6,11,194
37683,0.7000,6,11,194
37693,0.7000,6,11,194
37703,0.7000,6,11,194
37713,0.7000,6,11,194
37723,0.7000,6,11,194
37733,0.7000,6,11,194
37743,0.7000,6,11,194
37753,0.7000,6,11,194
37763,0.7000,6,11,194
37773,0.7000,6,11,194
37783,0.7000,6,11,194
37794,0.7000,6,11,194
37804,0.7000,6,11,194
37814,0.7000,6,11,194
37824,0.7000,6,11,194
37834,0.7000,6,11,194
37844,0.7000,6,11,194
37854,0.7000,6,11,194
37864,0.7000,6,11,194
37874,0.7000,6,11,194
37884,0.7000,6,11,194
37894,0.7000,6,11,194
37904,0.7000,6,11,194
37914,0.7000,6,11,194
37924,0.7000,6,11,194
37934,0.7000,6,11,194
37944,0.7000,6,11,194
37954,0.7000,6,11,194
37965,0.7000,6,11,194
37975,0.7000,6,11,194
37985,0.7000,6,11,194
37995,0.7000,6,11,194
38005,0.3500,7,11,194
38015,0.7000,6,11,194
38025,0.7000,6,11,194
38035,0.7000,6,11,194
38045,0.7000,6,11,194
38055,0.7000,6,11,194
38067,0.7000,6,11,194
38077,0.7000,6,11,194
38088,0.7000,6,11,194
38098,0.7000,6,11,194
38108,0.7000,6,11,194
38118,0.7000,6,11,194
38128,0.7000,6,11,194
38138,0.7000,6,11,194
38148,0.7000,6,11,194
38158,0.7000,6,11,194
38168,0.7000,6,11,194
38178,0.7000,6,11,194
38188,0.7000,6,11,194
38198,0.7000,6,11,194
38208,0.7000,6,11,194
38218,0.7000,6,11,194
38228,0.7000,6,11,194
38238,0.7000,6,11,194
38248,0.7000,6,11,194
38259,0.7000,6,11,194
38269,0.7000,6,11,194
38279,0.7000,6,11,194
38289,0.7000,6,11,194
38299,0.7000,6,11,194
38309,0.7000,6,11,194
38319,0.7000,6,11,194
38331,0.7000,6,11,194
38341,0.7000,6,11,194
38351,0.7000,6,11,194
38361,0.7000,6,11,194
38371,0.7000,6,11,194
38382,0.7000,6,11,194
38392,0.7000,6,11,194
38402,0.7000,6,11,194
38412,0.7000,6,11,194
38422,0.7000,6,11,194
38432,0.7000,6,11,194
38442,0.7000,6,11,194
38452,0.7000,6,11,194
38462,0.7000,6,11,194
38472,0.7000,6,11,194
38482,0.7000,6,11,194
38492,0.7000,6,11,194
38502,0.7000,6,11,194
38512,0.7000,6,11,194
38522,0.7000,6,11,194
38533,0.7000,6,11,194
38544,0.7000,6,11,194
38554,0.7000,6,11,194
38565,0.7000,6,11,194
38577,0.7000,6,11,194
38587,0.7000,6,11,194
38597,0.7000,6,11,194
38607,0.7000,6,11,194
38617,0.7000,6,11,194
38627,0.7000,6,11,194
38642,0.7000,6,11,194
38652,0.7000,6,11,194
38662,0.7000,6,11,194
38672,0.7000,6,11,194
38682,0.7000,6,11,194
38692,0.7000,6,11,194
38702,0.7000,6,11,194
38712,0.7000,6,11,194
38722,0.7000,6,11,194
38732,0.7000,6,11,194
38742,0.7000,6,11,194
38752,0.7000,6,11,194
38764,0.7000,6,11,194
38774,0.7000,6,11,194
38784,0.7000,6,11,194
38794,0.7000,6,11,194
38804,0.7000,6,11,194
38814,0.7000,6,11,194
38824,0.7000,6,11,194
38834,0.7000,6,11,194
38844,0.7000,6,11,194
38854,0.7000,6,11,194
38864,0.7000,6,11,194
38874,0.7000,6,11,194
38884,0.7000,6,11,194
38895,0.7000,6,11,194
38905,0.7000,6,11,194
38915,0.7000,6,11,194
38925,0.7000,6,11,194
38935,0.7000,6,11,194
38945,0.7000,6,11,194
38955,0.7000,6,11,194
38965,0.3500,7,11,194
38975,0.7000,6,11,194
38985,0.7000,6,11,194
38995,0.7000,6,11,194
39005,0.7000,6,11,194
39015,0.7000,6,11,194
39028,0.7000,6,11,194
39051,0.7000,6,11,194
39062,0.7000,6,11,194
39075,0.7000,6,11,194
39085,0.7000,6,11,194
39096,0.7000,6,11,194
39106,0.7000,6,11,194
39116,0.7000,6,11,194
39126,0.7000,6,11,194
39136,0.7000,6,11,194
39146,0.7000,6,11,194
39156,0.7000,6,11,194
39166,0.7000,6,11,194
39176,0.7000,6,11,194
39186,0.7000,6,11,194
39196,0.7000,6,11,194
39206,0.7000,6,11,194
39216,0.7000,6,11,194
39226,0.7000,6,11,194
39236,0.7000,6,11,194
39246,0.7000,6,11,194
39256,0.7000,6,11,194
39267,0.7000,6,11,194
39277,0.7000,6,11,194
39287,0.7000,6,11,194
39297,0.7000,6,11,194
39307,0.7000,6,11,194
39317,0.7000,6,11,194
39327,0.7000,6,11,194
39337,0.7000,6,11,194
39347,0.7000,6,11,194
39357,0.7000,6,11,194
39367,0.7000,6,11,194
39377,0.7000,6,11,194
39387,0.7000,6,11,194
39397,0.7000,6,11,194
39407,0.7000,6,11,194
39417,0.7000,6,11,194
39427,0.7000,6,11,194
39438,0.7000,6,11,194
39448,0.7000,6,11,194
39458,0.7000,6,11,194
39468,0.7000,6,11,194
39478,0.7000,6,11,194
39488,0.7000,6,11,194
39498,0.7000,6,11,194
39508,0.7000,6,11,194
39518,0.7000,6,11,194
39530,0.7000,6,11,194
39540,0.7000,6,11,194
39550,0.7000,6,11,194
39560,0.7000,6,11,194
39570,0.7000,6,11,194
39580,0.7000,6,11,194
39590,0.7000,6,11,194
39600,0.7000,6,11,194
39610,0.7000,6,11,194
39620,0.7000,6,11,194
39631,0.7000,6,11,194
39641,0.7000,6,11,194
39651,0.7000,6,11,194
39661,0.7000,6,11,194
39671,0.7000,6,11,194
39681,0.7000,6,11,194
39691,0.7000,6,11,194
39703,0.7000,6,11,194
39713,0.7000,6,11,194
39723,0.7000,6,11,194
39733,0.7000,6,11,194
39743,0.7000,6,11,194
39753,0.7000,6,11,194
39763,0.7000,6,11,194
39773,0.7000,6,11,194
39783,0.7000,6,11,194
39793,0.7000,6,11,194
39803,0.7000,6,11,194
39813,0.7000,6,11,194
39823,0.7000,6,11,194
39833,0.7000,6,11,194
39844,0.7000,6,11,194
39854,0.7000,6,11,194
39864,0.7000,6,11,194
39874,0.7000,6,11,194
39884,0.7000,6,11,194
39894,0.7000,6,11,194
39904,0.7000,6,11,194
39914,0.7000,6,11,194
39924,0.7000,6,11,194
39934,0.7000,6,11,194
39944,0.7000,6,11,194
39954,0.7000,6,11,194
39964,0.7000,6,11,194
39974,0.3500,7,11,194
39984,0.3500,7,11,194
39994,0.3500,7,11,194
40005,0.3500,7,11,194
